-- MySQL dump 10.13  Distrib 5.7.9, for Win64 (x86_64)
--
-- Host: localhost    Database: tableauconnect
-- ------------------------------------------------------
-- Server version	5.7.10-log

/*!40101 SET @OLD_CHARACTER_SET_CLIENT=@@CHARACTER_SET_CLIENT */;
/*!40101 SET @OLD_CHARACTER_SET_RESULTS=@@CHARACTER_SET_RESULTS */;
/*!40101 SET @OLD_COLLATION_CONNECTION=@@COLLATION_CONNECTION */;
/*!40101 SET NAMES utf8 */;
/*!40103 SET @OLD_TIME_ZONE=@@TIME_ZONE */;
/*!40103 SET TIME_ZONE='+00:00' */;
/*!40014 SET @OLD_UNIQUE_CHECKS=@@UNIQUE_CHECKS, UNIQUE_CHECKS=0 */;
/*!40014 SET @OLD_FOREIGN_KEY_CHECKS=@@FOREIGN_KEY_CHECKS, FOREIGN_KEY_CHECKS=0 */;
/*!40101 SET @OLD_SQL_MODE=@@SQL_MODE, SQL_MODE='NO_AUTO_VALUE_ON_ZERO' */;
/*!40111 SET @OLD_SQL_NOTES=@@SQL_NOTES, SQL_NOTES=0 */;

--
-- Table structure for table `brand_market_data`
--

DROP TABLE IF EXISTS `brand_market_data`;
/*!40101 SET @saved_cs_client     = @@character_set_client */;
/*!40101 SET character_set_client = utf8 */;
CREATE TABLE `brand_market_data` (
  `brand_id` bigint(20) DEFAULT NULL,
  `year` bigint(20) DEFAULT NULL,
  `turnover` double DEFAULT NULL,
  `gross_margin` double DEFAULT NULL,
  `growth` double DEFAULT NULL,
  `share_of_value` double DEFAULT NULL,
  `how_many` bigint(20) DEFAULT NULL
) ENGINE=InnoDB DEFAULT CHARSET=utf8;
/*!40101 SET character_set_client = @saved_cs_client */;

--
-- Dumping data for table `brand_market_data`
--

LOCK TABLES `brand_market_data` WRITE;
/*!40000 ALTER TABLE `brand_market_data` DISABLE KEYS */;
INSERT INTO `brand_market_data` VALUES (1,2015,180882.6065,0.484334117,0.149605711,0.652554755,1),(2,2015,27667.76642,0.444858221,0.149605711,0.067035814,1),(3,2015,NULL,NULL,0.149605711,0.051997682,1),(4,2015,NULL,NULL,0.149605711,0.046083155,1),(5,2015,NULL,NULL,0.149605711,0.009615121,1),(6,2015,NULL,NULL,0.149605711,0.008609255,1),(7,2015,NULL,NULL,0.149605711,0.164104217,6),(8,2015,89914.52507,0.430015408,0.023151893,0.188498573,1),(9,2015,27364.70931,0.271112776,0.023151893,0.05702096,1),(10,2015,62367.46977,0.448370046,0.023151893,0.0000113,1),(11,2015,NULL,NULL,0.023151893,0.296086984,1),(12,2015,NULL,NULL,0.023151893,0.141598795,1),(13,2015,NULL,NULL,0.023151893,0.055801668,1),(14,2015,NULL,NULL,0.023151893,0.046658727,1),(15,2015,NULL,NULL,0.023151893,0.214322952,3),(16,2015,118039.1799,0.259451151,0.061529229,0.116249533,1),(17,2015,NULL,NULL,0.061529229,0.185574312,1),(18,2015,NULL,NULL,0.061529229,0.061961095,1),(19,2015,NULL,NULL,0.061529229,0.061247447,1),(20,2015,NULL,NULL,0.061529229,0.045630365,1),(21,2015,NULL,NULL,0.061529229,0.529337247,8),(22,2015,282014.9161,0.474542763,0.310802278,0.075423925,1),(23,2015,51264.11616,0.64420633,0.310802278,0.013710413,1),(24,2015,43397.84631,0.677114107,0.310802278,0.011606606,1),(25,2015,19576.83076,0.548560244,0.310802278,0.005235756,1),(26,2015,64.55631576,0.525725974,0.310802278,0.000140171,1),(27,2015,168.743015,0.741142449,0.310802278,0.0000451,1),(28,2015,15854.47648,0.525725974,0.310802278,0.00411732,3),(29,2015,NULL,NULL,0.310802278,0.050609508,1),(30,2015,NULL,NULL,0.310802278,0.016072031,1),(31,2015,NULL,NULL,0.310802278,0.007894077,1),(32,2015,NULL,NULL,0.310802278,0.796874545,2),(33,2015,NULL,NULL,0.310802278,0.018270518,1),(34,2015,18661.28076,0.483598735,0.220787573,0.026400089,1),(35,2015,7918.782321,0.328232241,0.220787573,0.009299919,1),(36,2015,6406.987603,0.384431568,0.220787573,0.008969987,1),(37,2015,NULL,NULL,0.220787573,0.214784545,1),(38,2015,NULL,NULL,0.220787573,0.071068117,1),(39,2015,NULL,NULL,0.220787573,0.036428381,1),(40,2015,NULL,NULL,0.220787573,0.035093075,1),(41,2015,NULL,NULL,0.220787573,0.597955887,2),(42,2015,768282.764,0.279884976,0.220787573,0.349343327,1),(43,2015,176710.7134,0.24,0.220787573,0.074889581,1),(44,2015,77004.59582,0.379808435,0.220787573,0.043752876,1),(45,2015,63374.06642,0.24,0.220787573,0.030154853,1),(46,2015,109851.9467,0.249650921,0.220787573,0.042484859,1),(47,2015,NULL,NULL,0.220787573,0.070212502,1),(48,2015,NULL,NULL,0.220787573,0.061160178,1),(49,2015,NULL,NULL,0.220787573,0.056802568,1),(50,2015,NULL,NULL,0.220787573,0.042201948,1),(51,2015,NULL,NULL,0.220787573,0.021418412,1),(52,2015,NULL,NULL,0.220787573,0.021213386,1),(53,2015,NULL,NULL,0.220787573,0.020844437,1),(54,2015,NULL,NULL,0.220787573,0.016160667,1),(55,2015,NULL,NULL,0.220787573,0.147860777,3),(56,2015,NULL,NULL,0.220787573,0.001499628,1),(57,2015,404316.0997,0.569697063,0.127256216,0.403887135,1),(58,2015,143788.7806,0.691514881,0.127256216,0.135500478,1),(59,2015,55163.56361,0.492988537,0.127256216,0.062625394,1),(60,2015,36977.66646,0.663059047,0.127256216,0.040208803,1),(61,2015,NULL,NULL,0.127256216,0.162074091,1),(62,2015,NULL,NULL,0.127256216,0.05819328,1),(63,2015,NULL,NULL,0.127256216,0.02032306,1),(64,2015,NULL,NULL,0.127256216,0.11558292,13),(65,2015,NULL,NULL,0.127256216,0.001604839,1),(66,2015,199058.2553,0.365561188,0.012347408,0.118262042,1),(67,2015,125440.656,0.539152429,0.012347408,0.077556218,1),(68,2015,77516.48416,0.568882481,0.012347408,0.055513723,1),(69,2015,69479.02758,0.681908233,0.012347408,0.042943796,1),(70,2015,16998.22079,0.496499278,0.012347408,0.009898672,1),(71,2015,NULL,NULL,0.012347408,0.091810696,1),(72,2015,NULL,NULL,0.012347408,0.085482378,1),(73,2015,NULL,NULL,0.012347408,0.041637167,1),(74,2015,NULL,NULL,0.012347408,0.036164617,1),(75,2015,NULL,NULL,0.012347408,0.03089205,1),(76,2015,NULL,NULL,0.012347408,0.029913146,1),(77,2015,NULL,NULL,0.012347408,0.020080347,1),(78,2015,NULL,NULL,0.012347408,0.359845149,2),(79,2015,55408.0363,0.322758853,0.013720193,0.088680115,1),(80,2015,10.14694512,0.320192193,0.013720193,0.000103606,1),(81,2015,NULL,NULL,0.013720193,0.536223126,1),(82,2015,NULL,NULL,0.013720193,0.154779846,1),(83,2015,NULL,NULL,0.013720193,0.10139702,1),(84,2015,NULL,NULL,0.013720193,0.049851868,1),(85,2015,NULL,NULL,0.013720193,0.068964419,4),(86,2015,102846.9212,0.309341542,0.047804779,0.113216515,1),(87,2015,80228.56618,0.386201202,0.047804779,0.087294458,1),(88,2015,19057.32578,0.427774839,0.047804779,0.026001072,1),(89,2015,8142.259742,0.270916433,0.047804779,0.008031378,1),(90,2015,10605.25203,0.352286077,0.047804779,0.008441357,1),(91,2015,NULL,NULL,0.047804779,0.146383965,1),(92,2015,NULL,NULL,0.047804779,0.105689726,1),(93,2015,NULL,NULL,0.047804779,0.074948187,1),(94,2015,NULL,NULL,0.047804779,0.053965637,1),(95,2015,NULL,NULL,0.047804779,0.040759349,1),(96,2015,NULL,NULL,0.047804779,0.034008259,1),(97,2015,NULL,NULL,0.047804779,0.301260096,4),(1,2014,175890.7722,0.449533491,0.149167997,0.651187781,1),(2,2014,29359.51207,0.41215818,0.149167997,0.070694484,1),(3,2014,NULL,NULL,0.149167997,0.052714952,1),(4,2014,NULL,NULL,0.149167997,0.045668127,1),(5,2014,NULL,NULL,0.149167997,0.009874144,1),(6,2014,NULL,NULL,0.149167997,0.011844544,1),(7,2014,NULL,NULL,0.149167997,0.158015967,6),(8,2014,113171.8523,0.435946157,0.058468187,0.200881974,1),(9,2014,27761.01262,0.243794828,0.058468187,0.057845058,1),(10,2014,67134.42561,0.438709067,0.058468187,0.0000105,1),(11,2014,NULL,NULL,0.058468187,0.28046286,1),(12,2014,NULL,NULL,0.058468187,0.150151189,1),(13,2014,NULL,NULL,0.058468187,0.054917861,1),(14,2014,NULL,NULL,0.058468187,0.046189789,1),(15,2014,NULL,NULL,0.058468187,0.209540724,3),(16,2014,130310.5769,0.193284358,0.149530994,0.144144371,1),(17,2014,NULL,NULL,0.149530994,0.178728911,1),(18,2014,NULL,NULL,0.149530994,0.067688121,1),(19,2014,NULL,NULL,0.149530994,0.068004538,1),(20,2014,NULL,NULL,0.149530994,0.048468813,1),(21,2014,NULL,NULL,0.149530994,0.492965246,8),(22,2014,234825.942,0.518389913,0.296750301,0.074035272,1),(23,2014,38463.74393,0.640721618,0.296750301,0.012126743,1),(24,2014,34445.47448,0.626028115,0.296750301,0.010859874,1),(25,2014,18426.15804,0.505571585,0.296750301,0.005809348,1),(26,2014,824.7122933,0.76,0.296750301,0.001387149,1),(28,2014,12838.65177,0.543778164,0.296750301,0.002920599,3),(29,2014,NULL,NULL,0.296750301,0.053877105,1),(30,2014,NULL,NULL,0.296750301,0.011265138,1),(31,2014,NULL,NULL,0.296750301,0.005870061,1),(32,2014,NULL,NULL,0.296750301,0.809518778,2),(33,2014,NULL,NULL,0.296750301,0.012329934,1),(34,2014,14765.25425,0.405591046,0.147917024,0.022113777,1),(35,2014,9034.07592,0.325769416,0.147917024,0.011793531,1),(36,2014,6986.989934,0.335579528,0.147917024,0.007068378,1),(37,2014,NULL,NULL,0.147917024,0.218877709,1),(38,2014,NULL,NULL,0.147917024,0.070716126,1),(39,2014,NULL,NULL,0.147917024,0.035589606,1),(40,2014,NULL,NULL,0.147917024,0.026096446,1),(41,2014,NULL,NULL,0.147917024,0.607744426,2),(42,2014,666163.7831,0.316669082,0.147917024,0.346756886,1),(43,2014,114140.8023,0.24,0.147917024,0.061736734,1),(44,2014,75649.98251,0.409956975,0.147917024,0.045533999,1),(45,2014,56190.74739,0.24,0.147917024,0.036648053,1),(46,2014,96536.61767,0.287933526,0.147917024,0.044729479,1),(47,2014,NULL,NULL,0.147917024,0.062978629,1),(48,2014,NULL,NULL,0.147917024,0.058087913,1),(49,2014,NULL,NULL,0.147917024,0.047616656,1),(50,2014,NULL,NULL,0.147917024,0.044500766,1),(51,2014,NULL,NULL,0.147917024,0.033637322,1),(52,2014,NULL,NULL,0.147917024,0.018654709,1),(53,2014,NULL,NULL,0.147917024,0.021521942,1),(54,2014,NULL,NULL,0.147917024,0.015517019,1),(55,2014,NULL,NULL,0.147917024,0.160774501,3),(56,2014,NULL,NULL,0.147917024,0.001305392,1),(57,2014,362747.5911,0.602016626,0.127163206,0.416138428,1),(58,2014,125717.3308,0.695844455,0.127163206,0.138178262,1),(59,2014,57250.64737,0.463453196,0.127163206,0.071998916,1),(60,2014,32811.51117,0.68399598,0.127163206,0.037330224,1),(61,2014,NULL,NULL,0.127163206,0.152163821,1),(62,2014,NULL,NULL,0.127163206,0.06221767,1),(63,2014,NULL,NULL,0.127163206,0.019980201,1),(64,2014,NULL,NULL,0.127163206,0.100156138,13),(65,2014,NULL,NULL,0.127163206,0.00183634,1),(66,2014,212457.1879,0.446084039,0.065145597,0.123881966,1),(67,2014,126761.4223,0.507158633,0.065145597,0.07527708,1),(68,2014,80611.7508,0.610590655,0.065145597,0.058735454,1),(69,2014,67138.51514,0.688797098,0.065145597,0.043241485,1),(70,2014,15756.05754,0.526904659,0.065145597,0.010987919,1),(71,2014,NULL,NULL,0.065145597,0.085923543,1),(72,2014,NULL,NULL,0.065145597,0.086280153,1),(73,2014,NULL,NULL,0.065145597,0.04318934,1),(74,2014,NULL,NULL,0.065145597,0.039739869,1),(75,2014,NULL,NULL,0.065145597,0.029604824,1),(76,2014,NULL,NULL,0.065145597,0.032537152,1),(77,2014,NULL,NULL,0.065145597,0.020080891,1),(78,2014,NULL,NULL,0.065145597,0.350520324,2),(79,2014,59213.32677,0.218860244,0.066086975,0.095983055,1),(80,2014,353.1580452,0.218860244,0.066086975,0.00000535,1),(81,2014,NULL,NULL,0.066086975,0.530739975,1),(82,2014,NULL,NULL,0.066086975,0.159409969,1),(83,2014,NULL,NULL,0.066086975,0.093226238,1),(84,2014,NULL,NULL,0.066086975,0.050184452,1),(85,2014,NULL,NULL,0.066086975,0.070450964,4),(86,2014,114706.2769,0.322128032,0.055728091,0.132416355,1),(87,2014,68311.55981,0.418034117,0.055728091,0.080435184,1),(88,2014,24304.89679,0.370309389,0.055728091,0.030909722,1),(89,2014,4920.244805,0.312475807,0.055728091,0.003355783,1),(90,2014,7581.189427,0.365147017,0.055728091,0.008325096,1),(91,2014,NULL,NULL,0.055728091,0.142253227,1),(92,2014,NULL,NULL,0.055728091,0.105786917,1),(93,2014,NULL,NULL,0.055728091,0.074924522,1),(94,2014,NULL,NULL,0.055728091,0.047098395,1),(95,2014,NULL,NULL,0.055728091,0.036948672,1),(96,2014,NULL,NULL,0.055728091,0.034587058,1),(97,2014,NULL,NULL,0.055728091,0.302959068,4),(1,2013,162865.2951,0.473380442,0.116678357,0.672677254,1),(2,2013,32891.29674,0.436533274,0.116678357,0.08185866,1),(3,2013,NULL,NULL,0.116678357,0.047360756,1),(4,2013,NULL,NULL,0.116678357,0.046527737,1),(5,2013,NULL,NULL,0.116678357,0.00914039,1),(6,2013,NULL,NULL,0.116678357,0.010678523,1),(7,2013,NULL,NULL,0.116678357,0.13175668,5),(8,2013,115202.9609,0.422445917,0.087571276,0.201868874,1),(9,2013,27947.81369,0.253271528,0.087571276,0.057784116,1),(10,2013,60128.63682,0.425585365,0.087571276,0.0000608,1),(11,2013,NULL,NULL,0.087571276,0.282091748,1),(12,2013,NULL,NULL,0.087571276,0.156556547,1),(13,2013,NULL,NULL,0.087571276,0.05624782,1),(14,2013,NULL,NULL,0.087571276,0.04661809,1),(15,2013,NULL,NULL,0.087571276,0.198771981,3),(16,2013,182672.6288,0.312518247,0.082924161,0.212119311,1),(17,2013,NULL,NULL,0.082924161,0.17459233,1),(18,2013,NULL,NULL,0.082924161,0.070449428,1),(19,2013,NULL,NULL,0.082924161,0.065824312,1),(20,2013,NULL,NULL,0.082924161,0.04538423,1),(21,2013,NULL,NULL,0.082924161,0.431630389,6),(22,2013,225074.399,0.336258131,0.110959187,0.075568731,1),(23,2013,32077.33836,0.591025274,0.110959187,0.010769967,1),(24,2013,35641.28552,0.557430427,0.110959187,0.011966562,1),(25,2013,14779.9237,0.400931638,0.110959187,0.004962359,1),(26,2013,1052.837034,0.24,0.110959187,0.000820454,1),(28,2013,1390.809364,0.390932602,0.110959187,0,3),(29,2013,NULL,NULL,0.110959187,0.057355674,1),(30,2013,NULL,NULL,0.110959187,0.00970053,1),(31,2013,NULL,NULL,0.110959187,0.004364997,1),(32,2013,NULL,NULL,0.110959187,0.814088827,3),(33,2013,NULL,NULL,0.110959187,0.0104019,1),(42,2013,531774.0287,0.230267167,0.241836022,0.366842682,1),(43,2013,83783.16641,0.209833328,0.241836022,0.049365619,1),(44,2013,64038.88376,0.403623999,0.241836022,0.04953845,1),(45,2013,78885.67533,0.209833328,0.241836022,0.061240505,1),(46,2013,78675.44639,0.209833328,0.241836022,0.049686256,1),(47,2013,NULL,NULL,0.241836022,0.062173815,1),(48,2013,NULL,NULL,0.241836022,0.051624811,1),(50,2013,NULL,NULL,0.241836022,0.046247172,1),(51,2013,NULL,NULL,0.241836022,0.041999789,1),(52,2013,NULL,NULL,0.241836022,0.011313351,1),(53,2013,NULL,NULL,0.241836022,0.026675365,1),(54,2013,NULL,NULL,0.241836022,0.016805288,1),(55,2013,NULL,NULL,0.241836022,0.166486896,3),(57,2013,314544.4802,0.600910431,0.170882589,0.429274027,1),(58,2013,104307.0532,0.699793874,0.170882589,0.132302638,1),(59,2013,48886.22188,0.466909426,0.170882589,0.073002608,1),(60,2013,30026.7074,0.703777907,0.170882589,0.030861631,1),(61,2013,NULL,NULL,0.170882589,0.141103679,1),(62,2013,NULL,NULL,0.170882589,0.055794381,1),(63,2013,NULL,NULL,0.170882589,0.019540377,1),(64,2013,NULL,NULL,0.170882589,0.116303108,13),(65,2013,NULL,NULL,0.170882589,0.001817542,1),(66,2013,185706.5744,0.412771835,0.06952345,0.14486265,1),(67,2013,114382.935,0.473503292,0.06952345,0.059582957,1),(68,2013,77210.69411,0.607251033,0.06952345,0.063584568,1),(69,2013,58581.03188,0.671323961,0.06952345,0.041313626,1),(70,2013,14895.68818,0.502425217,0.06952345,0.008175261,1),(71,2013,NULL,NULL,0.06952345,0.080798389,1),(72,2013,NULL,NULL,0.06952345,0.080604993,1),(73,2013,NULL,NULL,0.06952345,0.042722827,1),(74,2013,NULL,NULL,0.06952345,0.041418645,1),(75,2013,NULL,NULL,0.06952345,0.025691279,1),(76,2013,NULL,NULL,0.06952345,0.014066556,1),(77,2013,NULL,NULL,0.06952345,0.020489225,1),(78,2013,NULL,NULL,0.06952345,0.376689025,2),(79,2013,61357.33263,0.241419561,0.064263964,0.120694339,1),(80,2013,350.5502668,0.245864994,0.064263964,0.00000162,1),(81,2013,NULL,NULL,0.064263964,0.528526332,1),(82,2013,NULL,NULL,0.064263964,0.159251351,1),(83,2013,NULL,NULL,0.064263964,0.066428658,1),(84,2013,NULL,NULL,0.064263964,0.053144831,1),(85,2013,NULL,NULL,0.064263964,0.071952872,4),(86,2013,109787.7885,0.257767992,0.087407156,0.146360681,1),(87,2013,60678.54634,0.322633612,0.087407156,0.080483995,1),(88,2013,20818.53469,0.386348695,0.087407156,0.027803231,1),(89,2013,690.216361,0.288403757,0.087407156,0.0000228,1),(90,2013,6442.25077,0.298009913,0.087407156,0.007610149,1),(91,2013,NULL,NULL,0.087407156,0.137653529,1),(92,2013,NULL,NULL,0.087407156,0.097978425,1),(93,2013,NULL,NULL,0.087407156,0.067199478,1),(94,2013,NULL,NULL,0.087407156,0.054430556,1),(95,2013,NULL,NULL,0.087407156,0.038448749,1),(96,2013,NULL,NULL,0.087407156,0.035593591,1),(97,2013,NULL,NULL,0.087407156,0.306414845,4),(1,2012,135563.3181,0.497058415,0.14322136,0.641601423,1),(2,2012,26603.88027,0.455711737,0.14322136,0.095137079,1),(3,2012,NULL,NULL,0.14322136,0.060275871,1),(4,2012,NULL,NULL,0.14322136,0.041874543,1),(5,2012,NULL,NULL,0.14322136,0.009626971,1),(6,2012,NULL,NULL,0.14322136,0.017490295,1),(7,2012,NULL,NULL,0.14322136,0.133993818,2),(8,2012,109910.9029,0.312053179,0.078915832,0.2149578,1),(9,2012,27776.37613,0.284598639,0.078915832,0.064304854,1),(10,2012,54308.19358,0.348914984,0.078915832,0.0000588,1),(11,2012,NULL,NULL,0.078915832,0.264715739,1),(12,2012,NULL,NULL,0.078915832,0.156759675,1),(13,2012,NULL,NULL,0.078915832,0.054658932,1),(14,2012,NULL,NULL,0.078915832,0.044947443,1),(15,2012,NULL,NULL,0.078915832,0.199596796,4),(16,2012,168357.1037,0.306862696,0.173275307,0.222751173,1),(17,2012,NULL,NULL,0.173275307,0.163043186,1),(18,2012,NULL,NULL,0.173275307,0.080560288,1),(19,2012,NULL,NULL,0.173275307,0.073836035,1),(20,2012,NULL,NULL,0.173275307,0.039849404,1),(21,2012,NULL,NULL,0.173275307,0.419959914,5),(22,2012,187400.4016,0.25643716,0.091104134,0.072866413,1),(23,2012,25755.19247,0.430916314,0.091104134,0.010014325,1),(24,2012,30145.98716,0.49015443,0.091104134,0.011721586,1),(25,2012,16111.16522,0.325923463,0.091104134,0.006264463,1),(26,2012,661.6076022,0.24,0.091104134,0.000257252,1),(29,2012,NULL,NULL,0.091104134,0.061058836,1),(30,2012,NULL,NULL,0.091104134,0.008091231,1),(31,2012,NULL,NULL,0.091104134,0.003245826,1),(32,2012,NULL,NULL,0.091104134,0.818162043,3),(33,2012,NULL,NULL,0.091104134,0.008318025,1),(42,2012,513775.3834,0.336612645,0.107367328,0.356503131,1),(43,2012,66870.89703,0.257774913,0.107367328,0.050682245,1),(44,2012,52998.78832,0.371043233,0.107367328,0.047217429,1),(45,2012,86087.34933,0.24,0.107367328,0.064352916,1),(46,2012,73245.4269,0.285831661,0.107367328,0.051393497,1),(47,2012,NULL,NULL,0.107367328,0.063320733,1),(48,2012,NULL,NULL,0.107367328,0.045388718,1),(50,2012,NULL,NULL,0.107367328,0.049450452,1),(51,2012,NULL,NULL,0.107367328,0.049087659,1),(52,2012,NULL,NULL,0.107367328,0.001814321,1),(53,2012,NULL,NULL,0.107367328,0.026595026,1),(54,2012,NULL,NULL,0.107367328,0.018164678,1),(55,2012,NULL,NULL,0.107367328,0.176029196,3),(57,2012,266817.9503,0.607493174,0.13782157,0.420216089,1),(58,2012,81423.71338,0.696666018,0.13782157,0.122140453,1),(59,2012,43446.20138,0.477904933,0.13782157,0.081508164,1),(60,2012,16451.86168,0.624320739,0.13782157,0.025259808,1),(61,2012,NULL,NULL,0.13782157,0.127923548,1),(62,2012,NULL,NULL,0.13782157,0.055824311,1),(63,2012,NULL,NULL,0.13782157,0.015316968,1),(64,2012,NULL,NULL,0.13782157,0.149735089,12),(65,2012,NULL,NULL,0.13782157,0.002075472,1),(66,2012,200706.887,0.415191141,0.149681927,0.159211676,1),(67,2012,4108.141243,0.292461019,0.149681927,0.000756477,1),(68,2012,73482.32478,0.575777224,0.149681927,0.058997704,1),(69,2012,52247.12577,0.641996336,0.149681927,0.041150966,1),(70,2012,11668.20408,0.485301129,0.149681927,0.009031605,1),(71,2012,NULL,NULL,0.149681927,0.088589375,1),(72,2012,NULL,NULL,0.149681927,0.086782668,1),(73,2012,NULL,NULL,0.149681927,0.049559536,1),(74,2012,NULL,NULL,0.149681927,0.05110136,1),(75,2012,NULL,NULL,0.149681927,0.026014815,1),(77,2012,NULL,NULL,0.149681927,0.017974408,1),(78,2012,NULL,NULL,0.149681927,0.41082941,1),(79,2012,65776.30868,0.270455259,0.087356323,0.138530304,1),(80,2012,216.0848035,0.272584549,0.087356323,0.00000523,1),(81,2012,NULL,NULL,0.087356323,0.505381225,1),(82,2012,NULL,NULL,0.087356323,0.173102086,1),(83,2012,NULL,NULL,0.087356323,0.048175865,1),(84,2012,NULL,NULL,0.087356323,0.055104876,1),(85,2012,NULL,NULL,0.087356323,0.079700417,4),(86,2012,97886.63679,0.24,0.097657053,0.156856807,1),(87,2012,54051.73505,0.338621456,0.097657053,0.079496466,1),(88,2012,14277.98619,0.350081314,0.097657053,0.022092472,1),(89,2012,11.54420824,0.76,0.097657053,0.0000182,1),(90,2012,2382.602111,0.245055033,0.097657053,0.007769989,1),(91,2012,NULL,NULL,0.097657053,0.129822604,1),(92,2012,NULL,NULL,0.097657053,0.097217031,1),(93,2012,NULL,NULL,0.097657053,0.062917881,1),(94,2012,NULL,NULL,0.097657053,0.07030004,1),(95,2012,NULL,NULL,0.097657053,0.031495928,1),(96,2012,NULL,NULL,0.097657053,0.034845817,1),(97,2012,NULL,NULL,0.097657053,0.307166735,4),(1,2011,114676.6229,0.465062768,0.115802928,0.617478231,1),(2,2011,25271.66924,0.430010164,0.115802928,0.104232902,1),(3,2011,NULL,NULL,0.115802928,0.067709944,1),(4,2011,NULL,NULL,0.115802928,0.03955344,1),(5,2011,NULL,NULL,0.115802928,0.009649705,1),(6,2011,NULL,NULL,0.115802928,0.021138495,1),(7,2011,NULL,NULL,0.115802928,0.140237284,1),(8,2011,198269.5996,0.317840616,0.158203863,0.217782264,1),(9,2011,49458.85722,0.24,0.158203863,0.070702001,1),(11,2011,NULL,NULL,0.158203863,0.256263866,1),(12,2011,NULL,NULL,0.158203863,0.160801625,1),(13,2011,NULL,NULL,0.158203863,0.05595577,1),(14,2011,NULL,NULL,0.158203863,0.046391817,1),(15,2011,NULL,NULL,0.158203863,0.192102656,3),(16,2011,151234.4529,0.36206564,0.25892769,0.232654702,1),(17,2011,NULL,NULL,0.25892769,0.139378237,1),(18,2011,NULL,NULL,0.25892769,0.07281303,1),(19,2011,NULL,NULL,0.25892769,0.073614122,1),(20,2011,NULL,NULL,0.25892769,0.033194825,1),(21,2011,NULL,NULL,0.25892769,0.448345083,4),(22,2011,169471.1918,0.305516164,0.082855231,0.069603241,1),(23,2011,21915.93739,0.460377095,0.082855231,0.009001059,1),(24,2011,29179.49123,0.553243599,0.082855231,0.011984262,1),(25,2011,16383.01555,0.404762455,0.082855231,0.006728642,1),(26,2011,2257.576683,0.24,0.082855231,0.000927206,1),(29,2011,NULL,NULL,0.082855231,0.065001093,1),(30,2011,NULL,NULL,0.082855231,0.009200286,1),(31,2011,NULL,NULL,0.082855231,0.002413606,1),(32,2011,NULL,NULL,0.082855231,0.816662392,1),(33,2011,NULL,NULL,0.082855231,0.008478212,1),(42,2011,482034.2208,0.377502377,0.096094924,0.381583728,1),(43,2011,65205.93322,0.24,0.096094924,0.055318455,1),(44,2011,46473.89144,0.369168427,0.096094924,0.04615936,1),(45,2011,74608.76745,0.24,0.096094924,0.066074248,1),(46,2011,74451.57562,0.320953605,0.096094924,0.046758218,1),(47,2011,NULL,NULL,0.096094924,0.057541597,1),(48,2011,NULL,NULL,0.096094924,0.029656641,1),(50,2011,NULL,NULL,0.096094924,0.046522135,1),(51,2011,NULL,NULL,0.096094924,0.046807461,1),(53,2011,NULL,NULL,0.096094924,0.026856071,1),(54,2011,NULL,NULL,0.096094924,0.020497944,1),(55,2011,NULL,NULL,0.096094924,0.176224143,4),(57,2011,230584.073,0.616247192,0.17069657,0.408062674,1),(58,2011,62048.1684,0.706475053,0.17069657,0.116541695,1),(59,2011,42479.14798,0.461889947,0.17069657,0.093964693,1),(60,2011,12201.60135,0.694185889,0.17069657,0.021028678,1),(61,2011,NULL,NULL,0.17069657,0.127540117,1),(62,2011,NULL,NULL,0.17069657,0.050638573,1),(63,2011,NULL,NULL,0.17069657,0.010134432,1),(64,2011,NULL,NULL,0.17069657,0.170144497,13),(65,2011,NULL,NULL,0.17069657,0.001944257,1),(66,2011,216838.2931,0.510553676,0.175119827,0.183356323,1),(68,2011,41511.41891,0.593277774,0.175119827,0.043990933,1),(69,2011,43560.18323,0.691417441,0.175119827,0.03829238,1),(70,2011,13476.86311,0.544352329,0.175119827,0.012748278,1),(71,2011,NULL,NULL,0.175119827,0.071756648,1),(72,2011,NULL,NULL,0.175119827,0.089433878,1),(73,2011,NULL,NULL,0.175119827,0.050239467,1),(74,2011,NULL,NULL,0.175119827,0.057702894,1),(75,2011,NULL,NULL,0.175119827,0.02648558,1),(77,2011,NULL,NULL,0.175119827,0.001923594,1),(78,2011,NULL,NULL,0.175119827,0.424070026,2),(79,2011,61387.76667,0.257357662,0.168997528,0.150572007,1),(80,2011,101.8309514,0.259988475,0.168997528,0.00000519,1),(81,2011,NULL,NULL,0.168997528,0.483140659,1),(82,2011,NULL,NULL,0.168997528,0.192394387,1),(83,2011,NULL,NULL,0.168997528,0.027699693,1),(84,2011,NULL,NULL,0.168997528,0.05637881,1),(85,2011,NULL,NULL,0.168997528,0.089809253,3),(86,2011,118217.336,0.262348139,0.10325378,0.189625168,1),(87,2011,54673.8253,0.41762753,0.10325378,0.08226349,1),(88,2011,7575.889328,0.359022522,0.10325378,0.005380528,1),(89,2011,14.74363864,0.320683997,0.10325378,0.0000232,1),(90,2011,4632.969168,0.320683997,0.10325378,0.014096786,1),(91,2011,NULL,NULL,0.10325378,0.119293821,1),(92,2011,NULL,NULL,0.10325378,0.097159455,1),(93,2011,NULL,NULL,0.10325378,0.060530659,1),(94,2011,NULL,NULL,0.10325378,0.077369644,1),(95,2011,NULL,NULL,0.10325378,0.027396482,1),(96,2011,NULL,NULL,0.10325378,0.032820311,1),(97,2011,NULL,NULL,0.10325378,0.294040445,1),(1,2010,103593.4926,0.458558537,0.115802928,0.578365275,1),(2,2010,24464.47425,0.412920005,0.115802928,0.112772272,1),(3,2010,NULL,NULL,0.115802928,0.072909989,1),(4,2010,NULL,NULL,0.115802928,0.039056252,1),(5,2010,NULL,NULL,0.115802928,0.01094232,1),(6,2010,NULL,NULL,0.115802928,0.030289958,1),(7,2010,NULL,NULL,0.115802928,0.155663934,1),(8,2010,198921.4007,0.346328031,0.158203863,0.206011679,1),(9,2010,52267.14449,0.24,0.158203863,0.086274275,1),(10,2010,45122.94832,0.335564181,0.158203863,0.0000000801,1),(11,2010,NULL,NULL,0.158203863,0.257581694,1),(12,2010,NULL,NULL,0.158203863,0.164783091,1),(13,2010,NULL,NULL,0.158203863,0.056894393,1),(14,2010,NULL,NULL,0.158203863,0.046011891,1),(15,2010,NULL,NULL,0.158203863,0.182442897,3),(16,2010,125298.5394,0.324066743,0.25892769,0.224836295,1),(17,2010,NULL,NULL,0.25892769,0.080462685,1),(18,2010,NULL,NULL,0.25892769,0.067950997,1),(19,2010,NULL,NULL,0.25892769,0.076138163,1),(20,2010,NULL,NULL,0.25892769,0.084404801,1),(21,2010,NULL,NULL,0.25892769,0.466207059,4),(22,2010,150336.5346,0.301796928,0.082855231,0.068877541,1),(23,2010,18171.81838,0.420652138,0.082855231,0.008325522,1),(24,2010,20497.40154,0.598063719,0.082855231,0.009391001,1),(25,2010,13939.44593,0.435421421,0.082855231,0.006386437,1),(26,2010,5383.06211,0.24,0.082855231,0.002466281,1),(29,2010,NULL,NULL,0.082855231,0.069197881,1),(30,2010,NULL,NULL,0.082855231,0.009361079,1),(31,2010,NULL,NULL,0.082855231,0.001794766,1),(32,2010,NULL,NULL,0.082855231,0.815091353,1),(33,2010,NULL,NULL,0.082855231,0.00910814,1),(42,2010,459784.4164,0.367467817,0.096094924,0.366426734,1),(43,2010,72486.16581,0.25645979,0.096094924,0.059120574,1),(44,2010,44136.88829,0.376486446,0.096094924,0.052213726,1),(45,2010,77391.87162,0.24,0.096094924,0.065360998,1),(46,2010,68222.47623,0.319990299,0.096094924,0.043633131,1),(47,2010,NULL,NULL,0.096094924,0.055069191,1),(48,2010,NULL,NULL,0.096094924,0.019606697,1),(50,2010,NULL,NULL,0.096094924,0.047159837,1),(51,2010,NULL,NULL,0.096094924,0.040910331,1),(53,2010,NULL,NULL,0.096094924,0.030363274,1),(54,2010,NULL,NULL,0.096094924,0.027070982,1),(55,2010,NULL,NULL,0.096094924,0.193013748,4),(57,2010,193180.8901,0.617404523,0.17069657,0.411710794,1),(58,2010,54706.66602,0.720709521,0.17069657,0.110634846,1),(59,2010,41178.67444,0.472915554,0.17069657,0.102056589,1),(60,2010,222.3831983,0.616368173,0.17069657,0.000480739,1),(61,2010,NULL,NULL,0.17069657,0.124974138,1),(62,2010,NULL,NULL,0.17069657,0.044156012,1),(63,2010,NULL,NULL,0.17069657,0.008198035,1),(64,2010,NULL,NULL,0.17069657,0.195151186,12),(65,2010,NULL,NULL,0.17069657,0.002629145,1),(66,2010,221576.6584,0.484192821,0.175119827,0.206214389,1),(68,2010,33895.41262,0.520359165,0.175119827,0.04260101,1),(69,2010,36456.01061,0.682183137,0.175119827,0.033849485,1),(70,2010,15906.43352,0.508085275,0.175119827,0.016207678,1),(71,2010,NULL,NULL,0.175119827,0.048558737,1),(72,2010,NULL,NULL,0.175119827,0.085086735,1),(73,2010,NULL,NULL,0.175119827,0.056451742,1),(74,2010,NULL,NULL,0.175119827,0.057673698,1),(75,2010,NULL,NULL,0.175119827,0.022622208,1),(77,2010,NULL,NULL,0.175119827,0.001249553,1),(78,2010,NULL,NULL,0.175119827,0.429484764,3),(79,2010,78074.79033,0.345721253,0.168997528,0.172488849,1),(80,2010,322.3901895,0.334248752,0.168997528,0.0000531,1),(81,2010,NULL,NULL,0.168997528,0.457984457,1),(82,2010,NULL,NULL,0.168997528,0.21322309,1),(83,2010,NULL,NULL,0.168997528,0.004438734,1),(84,2010,NULL,NULL,0.168997528,0.054251296,1),(85,2010,NULL,NULL,0.168997528,0.097560458,3),(86,2010,141255.3349,0.30710529,0.10325378,0.199943253,1),(87,2010,42375.26592,0.355146854,0.10325378,0.071944535,1),(89,2010,21.51410457,0.76,0.10325378,0.0000327,1),(90,2010,8547.372976,0.329770047,0.10325378,0.019928624,1),(91,2010,NULL,NULL,0.10325378,0.106138148,1),(92,2010,NULL,NULL,0.10325378,0.102521957,1),(93,2010,NULL,NULL,0.10325378,0.054798792,1),(94,2010,NULL,NULL,0.10325378,0.088649889,1),(95,2010,NULL,NULL,0.10325378,0.028832084,1),(96,2010,NULL,NULL,0.10325378,0.033623061,1),(97,2010,NULL,NULL,0.10325378,0.293586985,1);
/*!40000 ALTER TABLE `brand_market_data` ENABLE KEYS */;
UNLOCK TABLES;

--
-- Table structure for table `brand_media_data`
--

DROP TABLE IF EXISTS `brand_media_data`;
/*!40101 SET @saved_cs_client     = @@character_set_client */;
/*!40101 SET character_set_client = utf8 */;
CREATE TABLE `brand_media_data` (
  `brand_id` bigint(20) DEFAULT NULL,
  `year` bigint(20) DEFAULT NULL,
  `tv_.` double DEFAULT NULL,
  `spending` double DEFAULT NULL,
  `grp_cost` double DEFAULT NULL
) ENGINE=InnoDB DEFAULT CHARSET=utf8;
/*!40101 SET character_set_client = @saved_cs_client */;

--
-- Dumping data for table `brand_media_data`
--

LOCK TABLES `brand_media_data` WRITE;
/*!40000 ALTER TABLE `brand_media_data` DISABLE KEYS */;
INSERT INTO `brand_media_data` VALUES (1,2015,0.792360963,8436063,1821.961792),(2,2015,0.890004675,506967,1910.805703),(3,2015,0,35.39207114,1821.961792),(4,2015,0,31.36636558,1821.961792),(5,2015,0,6.544504427,1821.961792),(6,2015,0,0,1821.961792),(7,2015,0.286115123,10522.69706,1821.961792),(8,2015,0.810374303,6078211,1661.286286),(9,2015,0,0,1661.286286),(10,2015,0.720848131,850623,1661.286286),(11,2015,0.868895416,1412806,1661.286286),(12,2015,0.868895416,1380336,1661.286286),(13,2015,0.868895416,445294,1661.286286),(14,2015,0.868895416,3430.461687,1661.286286),(15,2015,0.278046533,720175.2301,1661.286286),(16,2015,0.691710614,4839466,1619.550992),(17,2015,0.657558737,163846.6072,1619.550992),(18,2015,0.657558737,131251.5657,1619.550992),(19,2015,0.657558737,134578.453,1619.550992),(20,2015,0.657558737,6596268,1619.550992),(21,2015,0.210418796,1109350.684,1619.550992),(22,2015,0.575353627,5443016,1826.313345),(23,2015,0.859999344,3260999,1826.313345),(24,2015,0.811082484,2602395,1826.313345),(25,2015,0,0,1826.313345),(26,2015,0,0,1826.313345),(27,2015,0,652331,1630.524842),(28,2015,0.911908477,173683,1630.524842),(29,2015,0,0,1826.313345),(30,2015,0.722233028,11858.14617,1826.313345),(31,2015,0,226851.5,1826.313345),(32,2015,0.231114569,611085.3538,1826.313345),(33,2015,0,0,1826.313345),(34,2015,0.788773059,5028814,1876.388851),(35,2015,0,0,1876.388851),(36,2015,0.717002329,1787414,1876.388851),(37,2015,0.896165731,5491770,1876.388851),(38,2015,0.896165731,84860.65597,1876.388851),(39,2015,0.896165731,43498.21598,1876.388851),(40,2015,0.896165731,2729342,1876.388851),(41,2015,0.286773034,1697517.128,1876.388851),(42,2015,0.845732076,23269899,1828.232585),(43,2015,0.699999432,880995,1828.232585),(44,2015,0.692634806,4701030,1828.232585),(45,2015,0.690006679,291945,1828.232585),(46,2015,0,0,1828.232585),(47,2015,0.856789708,2863923.96,1828.232585),(48,2015,0.856789708,1550516,1828.232585),(49,2015,0.856789708,11304008.5,1828.232585),(50,2015,0.856789708,1721391.042,1828.232585),(51,2015,0,0,1828.232585),(52,2015,0.856789708,2711736.5,1828.232585),(53,2015,0.856789708,850231.5422,1828.232585),(54,2015,0.856789708,10483,1828.232585),(55,2015,0.274172706,6031148.456,1828.232585),(56,2015,0,0,1828.232585),(57,2015,0.749654869,40475926,2292.721321),(58,2015,0.808144922,15182736,2292.721321),(59,2015,0.546600516,6567674,2292.721321),(60,2015,0.805345888,3143201,2292.721321),(61,2015,0.79847963,20760931.5,2292.721321),(62,2015,0.79847963,4744077,2292.721321),(63,2015,0.79847963,2412495.5,2292.721321),(64,2015,0.255513482,11572738,2292.721321),(65,2015,0,0,2292.721321),(66,2015,0.697279784,13639763,1722.596105),(67,2015,0.732663229,15015974,1722.596105),(68,2015,0.826083949,11478998,1722.596105),(69,2015,0.741395326,7347315,1722.596105),(70,2015,0,617758,1722.596105),(71,2015,0.828377877,13465036.5,1722.596105),(72,2015,0.828377877,31096858,1722.596105),(73,2015,0.828377877,1105138.5,1722.596105),(74,2015,0.828377877,9643428,1722.596105),(75,2015,0.828377877,8284676.5,1722.596105),(76,2015,0.828377877,3224884.663,1722.596105),(77,2015,0.828377877,6785678,1722.596105),(78,2015,0.265080921,30528933.84,1722.596105),(79,2015,0.735135169,5266407,1770.662568),(80,2015,0.24330006,1156876,1534.327959),(81,2015,0.690071825,21353638.5,1770.662568),(82,2015,0.690071825,1200560,1770.662568),(83,2015,0.690071825,12657303,1770.662568),(84,2015,0.690071825,3048731,1770.662568),(85,2015,0.220822984,219397.5,1770.662568),(86,2015,0.730489128,3243999,1870.368281),(87,2015,0.787039716,5032436,1870.368281),(88,2015,0.85,1534000,1870.368281),(89,2015,0,0,1870.368281),(90,2015,0.811431723,8948345,1870.368281),(91,2015,0.736277274,4176752,1870.368281),(92,2015,0.736277274,516476.5,1870.368281),(93,2015,0,1198235.5,1870.368281),(94,2015,0.736277274,6484809.5,1870.368281),(95,2015,0,592,1870.368281),(96,2015,0.736277274,6223,1870.368281),(97,2015,0.235608728,7692916,1870.368281),(1,2014,0.888571861,5454896,1821.961792),(2,2014,0.88999968,0,1910.805703),(3,2014,0,35.39207114,1821.961792),(4,2014,0,31.36636558,1821.961792),(5,2014,0,6.544504427,1821.961792),(6,2014,0,0,1821.961792),(7,2014,0.286115123,10522.69706,1821.961792),(8,2014,0.868895416,5348912,1661.286286),(9,2014,0,0,1661.286286),(10,2014,0,0,1661.286286),(11,2014,0.868895416,1412806,1661.286286),(12,2014,0.868895416,893866,1661.286286),(13,2014,0.868895416,444654,1661.286286),(14,2014,0.868895416,3430.461687,1661.286286),(15,2014,0.278046533,686325.5383,1661.286286),(16,2014,0.657558737,4467949,1619.550992),(17,2014,0.657558737,163846.6072,1619.550992),(18,2014,0.657558737,54706.46863,1619.550992),(19,2014,0.657558737,54076.37662,1619.550992),(20,2014,0.657558737,6039887,1619.550992),(21,2014,0.210418796,467360.5476,1619.550992),(22,2014,0.74313206,3868635.925,1826.313345),(23,2014,0.655183997,703654.0511,1826.313345),(24,2014,0.812169443,595681.2026,1826.313345),(25,2014,0,268712.6455,1826.313345),(26,2014,0,0,1826.313345),(28,2014,0,0,1630.524842),(29,2014,0,0,1826.313345),(30,2014,0.722233028,9284.945889,1826.313345),(31,2014,0,0,1826.313345),(32,2014,0.231114569,460361.0541,1826.313345),(33,2014,0,0,1826.313345),(34,2014,0.904654567,2306918,1876.388851),(35,2014,0,0,1876.388851),(36,2014,0.563507129,2429239,1876.388851),(37,2014,0.896165731,5491770,1876.388851),(38,2014,0.896165731,84860.65597,1876.388851),(39,2014,0.896165731,43498.21598,1876.388851),(40,2014,0.896165731,2729342,1876.388851),(41,2014,0.286773034,1697517.128,1876.388851),(42,2014,0.937228313,20642608,1828.232585),(43,2014,0.752487227,321939,1828.232585),(44,2014,0.663793161,2175067,1828.232585),(45,2014,0.443241603,1050862,1828.232585),(46,2014,0.804754937,436469,1828.232585),(47,2014,0.856789708,2863923.96,1828.232585),(48,2014,0.856789708,1550516,1828.232585),(49,2014,0.856789708,11223063,1828.232585),(50,2014,0.856789708,1721391.042,1828.232585),(51,2014,0,0,1828.232585),(52,2014,0.856789708,1950973,1828.232585),(53,2014,0.856789708,850231.5422,1828.232585),(54,2014,0.856789708,1439,1828.232585),(55,2014,0.274172706,6031148.456,1828.232585),(56,2014,0,0,1828.232585),(57,2014,0.799945269,22217003,2292.721321),(58,2014,0.845567117,5256146,2292.721321),(59,2014,0.744332659,4649976,2292.721321),(60,2014,0.79110602,3215260,2292.721321),(61,2014,0.79847963,17799162,2292.721321),(62,2014,0.79847963,4744077,2292.721321),(63,2014,0.79847963,908845,2292.721321),(64,2014,0.255513482,11572738,2292.721321),(65,2014,0,0,2292.721321),(66,2014,0.808471981,6601102,1722.596105),(67,2014,0.787601915,13881179,1722.596105),(68,2014,0.864118407,8804357,1722.596105),(69,2014,0.924713733,12531978,1722.596105),(70,2014,0,580906,1722.596105),(71,2014,0.828377877,11943418,1722.596105),(72,2014,0.828377877,27441942,1722.596105),(73,2014,0.828377877,431269,1722.596105),(74,2014,0.828377877,7283064,1722.596105),(75,2014,0.828377877,5935023,1722.596105),(76,2014,0.828377877,2340873.322,1722.596105),(77,2014,0.828377877,6785678,1722.596105),(78,2014,0.265080921,28159923.68,1722.596105),(79,2014,0.813588623,3916515,1770.662568),(80,2014,0.206982278,0,1534.327959),(81,2014,0.690071825,19637264,1770.662568),(82,2014,0.690071825,1180694,1770.662568),(83,2014,0.690071825,9231646,1770.662568),(84,2014,0.690071825,3048731,1770.662568),(85,2014,0.220822984,116288,1770.662568),(86,2014,0.700774949,2580563,1870.368281),(87,2014,0.733344564,6723892,1870.368281),(88,2014,0.827050066,1657824,1870.368281),(89,2014,0,0,1870.368281),(90,2014,0,31398,1870.368281),(91,2014,0.736277274,3490193,1870.368281),(92,2014,0.736277274,126492,1870.368281),(93,2014,0,0,1870.368281),(94,2014,0.736277274,6409470,1870.368281),(95,2014,0,592,1870.368281),(96,2014,0.736277274,6223,1870.368281),(97,2014,0.235608728,6617632,1870.368281),(1,2013,0.888857199,5906571,1577.910776),(2,2013,0,0,1577.910776),(3,2013,0,221.3340228,1577.910776),(4,2013,0,191.7465527,1577.910776),(5,2013,0,41.45852334,1577.910776),(6,2013,0,0,1577.910776),(7,2013,0.285873288,397725.4609,1577.910776),(8,2013,0.931153933,7167185,1499.797026),(9,2013,0.903598868,0,1499.797026),(10,2013,0,0,1499.797026),(11,2013,0.931153933,1595132,1499.797026),(12,2013,0.931153933,978682,1499.797026),(13,2013,0,0,1499.797026),(14,2013,0.931153933,8113.405338,1499.797026),(15,2013,0.297969259,390222.5947,1499.797026),(16,2013,0.830363763,4453033,1389.555407),(17,2013,0.830363763,619868.7251,1389.555407),(18,2013,0.830363763,234756.3653,1389.555407),(19,2013,0.830363763,235853.7642,1389.555407),(20,2013,0.830363763,7387924,1389.555407),(21,2013,0.265716404,1709705.145,1389.555407),(22,2013,0.497646737,2945456.769,1811.847999),(23,2013,0.684722327,482456.4694,1811.847999),(24,2013,0.738616444,432054.7171,1811.847999),(25,2013,0,231122.0449,1811.847999),(26,2013,0,0,1811.847999),(28,2013,0,0,1811.847999),(29,2013,0,0,1811.847999),(30,2013,0.617925031,7483.462093,1811.847999),(31,2013,0,0,1811.847999),(32,2013,0.19773601,537765.5379,1811.847999),(33,2013,0,0,1811.847999),(42,2013,0.848962931,22836661,1204.515916),(43,2013,0,0,1204.515916),(44,2013,0.838418653,2213995,1204.515916),(45,2013,0,0,1204.515916),(46,2013,0.762693569,1916931,1204.515916),(47,2013,0.825430266,779855.4078,1204.515916),(48,2013,0.825430266,1306353,1204.515916),(50,2013,0.825430266,551046.6621,1204.515916),(51,2013,0,0,1204.515916),(52,2013,0.825430266,2403637,1204.515916),(53,2013,0.825430266,266503.1506,1204.515916),(54,2013,0,0,1204.515916),(55,2013,0.264137685,1990847.78,1204.515916),(57,2013,0.739894266,19195834,1959.708112),(58,2013,0.832545132,6761492,1959.708112),(59,2013,0.595217673,5250120,1959.708112),(60,2013,0.801862305,3821794,1959.708112),(61,2013,0.737152025,13220853,1959.708112),(62,2013,0.737152025,5050796,1959.708112),(63,2013,0.737152025,5404726,1959.708112),(64,2013,0.235888648,70753,1959.708112),(65,2013,0,0,1959.708112),(66,2013,0.652458013,8301283,1472.392449),(67,2013,0.751804294,16934110,1472.392449),(68,2013,0.867255597,8666707,1472.392449),(69,2013,0.946676715,14465089,1472.392449),(70,2013,0,2870704,1472.392449),(71,2013,0.807280968,13700517,1472.392449),(72,2013,0.807280968,22160634,1472.392449),(73,2013,0.807280968,1652900,1472.392449),(74,2013,0.807280968,13070504,1472.392449),(75,2013,0.807280968,5623207,1472.392449),(76,2013,0.807280968,1768022.683,1472.392449),(77,2013,0.807280968,4565701,1472.392449),(78,2013,0.25832991,19046777.32,1472.392449),(79,2013,0.719552731,3587107,1529.595537),(80,2013,0,0,1529.595537),(81,2013,0.719552731,20307429,1529.595537),(82,2013,0.719552731,2183755,1529.595537),(83,2013,0.719552731,13613839,1529.595537),(84,2013,0.719552731,3251710,1529.595537),(85,2013,0.230256874,325480,1529.595537),(86,2013,0.656406666,946198,1643.110217),(87,2013,0.680730408,3823182,1643.110217),(88,2013,0.852278664,4009493,1643.110217),(89,2013,0,0,1643.110217),(90,2013,0,0,1643.110217),(91,2013,0.727223611,4956238,1643.110217),(92,2013,0.727223611,788711,1643.110217),(93,2013,0.727223611,2432429,1643.110217),(94,2013,0.727223611,150698,1643.110217),(95,2013,0.727223611,1558,1643.110217),(96,2013,0.727223611,21789,1643.110217),(97,2013,0.232711556,8501725,1643.110217),(1,2012,0.842956628,4606039,1975.912363),(2,2012,0,0,1975.912363),(3,2012,0.835328892,5220.492894,1975.912363),(4,2012,0.835328892,5128.670721,1975.912363),(5,2012,0.267305246,1007.529123,1975.912363),(6,2012,0,0,1975.912363),(7,2012,0.267305246,882600.3073,1975.912363),(8,2012,0.889363947,5226147,1731.726904),(9,2012,0.664496316,8091,1731.726904),(10,2012,0,0,1731.726904),(11,2012,0.889363947,1842645,1731.726904),(12,2012,0.889363947,610240,1731.726904),(13,2012,0,0,1731.726904),(14,2012,0.889363947,27041.29575,1731.726904),(15,2012,0.284596463,149740.7043,1731.726904),(16,2012,0.558076565,1620280,1005.179928),(17,2012,0.558076565,279160.0059,1005.179928),(18,2012,0.558076565,112643.3377,1005.179928),(19,2012,0.558076565,105248.1243,1005.179928),(20,2012,0.558076565,7148146,1005.179928),(21,2012,0.178584501,690144.5322,1005.179928),(22,2012,0.31051486,15159.46478,2210.191182),(23,2012,0.688594947,2160.509072,2210.191182),(24,2012,0.389863755,2400.552061,2210.191182),(25,2012,0,995.4740906,2210.191182),(26,2012,0,0,2210.191182),(29,2012,0.526486161,64389,2210.191182),(30,2012,0.526486161,2130.964846,2210.191182),(31,2012,0,0,2210.191182),(32,2012,0.168475571,194823.0352,2210.191182),(33,2012,0,0,2210.191182),(42,2012,0.91011598,15127833,1907.687378),(43,2012,0,0,1907.687378),(44,2012,0.812321708,1594622,1907.687378),(45,2012,0,0,1907.687378),(46,2012,0.80749757,1263031,1907.687378),(47,2012,0.702140645,2599261.351,1907.687378),(48,2012,0.702140645,2658831,1907.687378),(50,2012,0.702140645,1933426.268,1907.687378),(51,2012,0.702140645,210489,1907.687378),(52,2012,0.702140645,1833662,1907.687378),(53,2012,0.702140645,1115200.084,1907.687378),(54,2012,0,0,1907.687378),(55,2012,0.224685006,6960212.297,1907.687378),(57,2012,0.768736342,17784429,1651.4707),(58,2012,0.643323922,5589224,1651.4707),(59,2012,0.526599637,5763875,1651.4707),(60,2012,0.550307544,3849386,1651.4707),(61,2012,0.681811998,8072090,1651.4707),(62,2012,0.681811998,4287191,1651.4707),(63,2012,0.681811998,2173461,1651.4707),(64,2012,0.218179839,365232,1651.4707),(65,2012,0,0,1651.4707),(66,2012,0.78463145,15133904,1083.313416),(67,2012,0,0,1083.313416),(68,2012,0.623203205,9371249,1083.313416),(69,2012,0.792894311,13947736,1083.313416),(70,2012,0,0,1083.313416),(71,2012,0.75488421,10201902,1083.313416),(72,2012,0.75488421,19335821,1083.313416),(73,2012,0.75488421,973791,1083.313416),(74,2012,0.75488421,6594945,1083.313416),(75,2012,0.75488421,5091238,1083.313416),(77,2012,0.75488421,4381524,1083.313416),(78,2012,0.241562947,19524489.38,1083.313416),(79,2012,0.508014009,3580889,1633.02788),(80,2012,0,0,1633.02788),(81,2012,0.508014009,18424049,1633.02788),(82,2012,0.508014009,2407470,1633.02788),(83,2012,0.508014009,9962198,1633.02788),(84,2012,0.508014009,4214506,1633.02788),(85,2012,0.162564483,333947,1633.02788),(86,2012,0.776626611,2092350,1677.599787),(87,2012,0.433801563,4492732,1677.599787),(88,2012,0.871378301,3639462,1677.599787),(89,2012,0,0,1677.599787),(90,2012,0,0,1677.599787),(91,2012,0.672096024,4821878,1677.599787),(92,2012,0.672096024,641101,1677.599787),(93,2012,0.672096024,365797,1677.599787),(94,2012,0.672096024,171181,1677.599787),(95,2012,0.672096024,1399218,1677.599787),(96,2012,0.672096024,1577,1677.599787),(97,2012,0.215070728,5862491,1677.599787),(1,2011,0.758181602,1432222,2147.692966),(2,2011,0,0,2147.692966),(3,2011,0.758181602,5937.795375,2147.692966),(4,2011,0.758181602,4125.07466,2147.692966),(5,2011,0,948.3560083,2147.692966),(6,2011,0,0,2147.692966),(7,2011,0.242618113,368005.774,2147.692966),(8,2011,0.93779979,8377840,1882.278667),(9,2011,0,0,1882.278667),(11,2011,0.93779979,2380520,1882.278667),(12,2011,0.93779979,5742,1882.278667),(13,2011,0,0,1882.278667),(14,2011,0.93779979,68917.78898,1882.278667),(15,2011,0.300095933,322523.211,1882.278667),(16,2011,0.655788497,2030886,1092.567616),(17,2011,0.655788497,165281.3451,1092.567616),(18,2011,0.655788497,81666.17128,1092.567616),(19,2011,0.655788497,74849.61152,1092.567616),(20,2011,0.655788497,6275162,1092.567616),(21,2011,0.209852319,425724.8721,1092.567616),(22,2011,0.717388723,784334.7261,2402.339366),(23,2011,0.819855235,107794.2825,2402.339366),(24,2011,0,126171.2589,2402.339366),(25,2011,0,67430.73253,2402.339366),(26,2011,0,0,2402.339366),(29,2011,0.749742601,18212,2402.339366),(30,2011,0.749742601,2337.06153,2402.339366),(31,2011,0,0,2402.339366),(32,2011,0.239917632,236316.9385,2402.339366),(33,2011,0,0,2402.339366),(42,2011,0.815090433,8830618,2073.53668),(43,2011,0.887846762,1364068,2073.53668),(44,2011,0.924718557,2466839,2073.53668),(45,2011,0.77205773,2286037,2073.53668),(46,2011,0.408345872,351982,2073.53668),(47,2011,0.83001835,2189048.083,2073.53668),(48,2011,0.83001835,1911277,2073.53668),(50,2011,0.83001835,1709541.455,2073.53668),(51,2011,0.83001835,1261944,2073.53668),(53,2011,0.83001835,919411.1884,2073.53668),(54,2011,0,0,2073.53668),(55,2011,0.265605872,6085469.274,2073.53668),(57,2011,0.787794369,22646935,1616.839188),(58,2011,0.811942212,7339610,1616.839188),(59,2011,0.717452877,7014329,1616.839188),(60,2011,0.862572668,4447808,1616.839188),(61,2011,0.784718979,7297314,1616.839188),(62,2011,0.784718979,6318881,1616.839188),(63,2011,0.784718979,2397425,1616.839188),(64,2011,0.251110073,2818728,1616.839188),(65,2011,0,0,1616.839188),(66,2011,0.815534547,15374338,1355.699835),(68,2011,0.805895085,11080243,1355.699835),(69,2011,0.846539811,10454332,1355.699835),(70,2011,0,0,1355.699835),(71,2011,0.818963944,10657280,1355.699835),(72,2011,0.818963944,14850802,1355.699835),(73,2011,0,0,1355.699835),(74,2011,0.818963944,8349776,1355.699835),(75,2011,0.818963944,923900,1355.699835),(77,2011,0.818963944,8008687,1355.699835),(78,2011,0.262068462,14308757,1355.699835),(79,2011,0.883883015,5161842,1774.999011),(80,2011,0,0,1774.999011),(81,2011,0.883883015,16874680,1774.999011),(82,2011,0.883883015,2144023,1774.999011),(83,2011,0.883883015,6762525,1774.999011),(84,2011,0.883883015,5138267,1774.999011),(85,2011,0.282842565,119261,1774.999011),(86,2011,0.871223401,3313649,1823.445882),(87,2011,0.798978123,2705409,1823.445882),(88,2011,0.897885023,2971179,1823.445882),(89,2011,0,0,1823.445882),(90,2011,0,0,1823.445882),(91,2011,0.853543646,3583120,1823.445882),(92,2011,0.853543646,8742,1823.445882),(93,2011,0.853543646,35958,1823.445882),(94,2011,0,19,1823.445882),(95,2011,0,0,1823.445882),(96,2011,0.853543646,224755,1823.445882),(97,2011,0.273133967,6351157,1823.445882),(1,2010,0.814007368,3364351,2260.508648),(2,2010,0,0,2260.508648),(3,2010,0.814007368,332387.0132,2260.508648),(4,2010,0.814007368,194167.1932,2260.508648),(5,2010,0.260482358,47370.24669,2260.508648),(6,2010,0.260482358,2410,2260.508648),(7,2010,0.260482358,697898.5468,2260.508648),(8,2010,0.876442685,15204690,1981.152461),(9,2010,0,0,1981.152461),(10,2010,0,0,1981.152461),(11,2010,0.876442685,3010879,1981.152461),(12,2010,0.876442685,163313,1981.152461),(13,2010,0.876442685,89756,1981.152461),(14,2010,0.876442685,232598.9814,1981.152461),(15,2010,0.280461659,2407160.019,1981.152461),(16,2010,0.720785295,5362637,1149.958856),(17,2010,0.720785295,838408.1121,1149.958856),(18,2010,0.720785295,437995.4599,1149.958856),(19,2010,0.720785295,442814.3045,1149.958856),(20,2010,0.720785295,2339201,1149.958856),(21,2010,0.230651294,2696950.124,1149.958856),(22,2010,0.60941682,2521041,2528.531312),(23,2010,0.790580943,3107743,2528.531312),(24,2010,0,1604453,2528.531312),(25,2010,0,0,2528.531312),(26,2010,0,0,2528.531312),(29,2010,0.657761128,29359,2528.531312),(30,2010,0.657761128,5046.661218,2528.531312),(31,2010,0,0,2528.531312),(32,2010,0.210483561,2389751.339,2528.531312),(33,2010,0,0,2528.531312),(42,2010,0.780287087,11015932,2182.457023),(43,2010,0.892685704,3551286,2182.457023),(44,2010,0.768319821,2299164,2182.457023),(45,2010,0.87814986,2104821,2182.457023),(46,2010,0.868401,1054062,2182.457023),(47,2010,0.810299192,2888585.906,2182.457023),(48,2010,0.810299192,3909774,2182.457023),(50,2010,0.810299192,2335409.341,2182.457023),(51,2010,0.810299192,35440,2182.457023),(53,2010,0.810299192,1348173.708,2182.457023),(54,2010,0.810299192,41424,2182.457023),(55,2010,0.259295742,8846727.045,2182.457023),(57,2010,0.746528584,17290233,1601.670558),(58,2010,0.741425421,6642268,1601.670558),(59,2010,0.741951328,8507661,1601.670558),(60,2010,0.60497022,6157108,1601.670558),(61,2010,0.721776986,3450492,1601.670558),(62,2010,0.721776986,6961938,1601.670558),(63,2010,0,0,1601.670558),(64,2010,0.230968635,4845259,1601.670558),(65,2010,0,0,1601.670558),(66,2010,0.859179168,15986542,1527.012302),(68,2010,0.879629796,4256578,1527.012302),(69,2010,0.825967368,7741501,1527.012302),(70,2010,0,0,1527.012302),(71,2010,0.852724575,7778750,1527.012302),(72,2010,0.852724575,14390152,1527.012302),(73,2010,0,0,1527.012302),(74,2010,0.852724575,7655792,1527.012302),(75,2010,0.852724575,2230928,1527.012302),(77,2010,0.852724575,1886623,1527.012302),(78,2010,0.272871864,21497812,1527.012302),(79,2010,0.84916022,5562238,1868.237536),(80,2010,0,0,1868.237536),(81,2010,0.84916022,26305843,1868.237536),(82,2010,0.84916022,4054957,1868.237536),(83,2010,0.84916022,12584253,1868.237536),(84,2010,0.84916022,5813257,1868.237536),(85,2010,0.27173127,4308073,1868.237536),(86,2010,0.802637422,3988923,1919.229262),(87,2010,0.694292677,2581532,1919.229262),(89,2010,0,0,1919.229262),(90,2010,0,0,1919.229262),(91,2010,0.770921929,3704040,1919.229262),(92,2010,0.770921929,17480,1919.229262),(93,2010,0,0,1919.229262),(94,2010,0.770921929,18983,1919.229262),(95,2010,0,0,1919.229262),(96,2010,0,0,1919.229262),(97,2010,0.246695017,11464337,1919.229262);
/*!40000 ALTER TABLE `brand_media_data` ENABLE KEYS */;
UNLOCK TABLES;

--
-- Table structure for table `brand_tracking_data`
--

DROP TABLE IF EXISTS `brand_tracking_data`;
/*!40101 SET @saved_cs_client     = @@character_set_client */;
/*!40101 SET character_set_client = utf8 */;
CREATE TABLE `brand_tracking_data` (
  `brand_id` bigint(20) DEFAULT NULL,
  `year` bigint(20) DEFAULT NULL,
  `conviction` double DEFAULT NULL,
  `ai` double DEFAULT NULL,
  `ai2c` double DEFAULT NULL
) ENGINE=InnoDB DEFAULT CHARSET=utf8;
/*!40101 SET character_set_client = @saved_cs_client */;

--
-- Dumping data for table `brand_tracking_data`
--

LOCK TABLES `brand_tracking_data` WRITE;
/*!40000 ALTER TABLE `brand_tracking_data` DISABLE KEYS */;
INSERT INTO `brand_tracking_data` VALUES (1,2015,54.55,2.983769347,0.65),(2,2015,5.388133333,2.290706366,0.65),(3,2015,11.1761,2.290451552,0.65),(4,2015,15.7507,2.316629054,0.65),(5,2015,5.036666667,2.247041903,0.65),(6,2015,1.462233333,2.214312679,0.65),(7,2015,2.678961111,2.241989788,0.65),(8,2015,52.1193,3.7,0.65),(9,2015,5.188666667,2.355008967,0.65),(10,2015,0.25,2.181196929,0.65),(11,2015,47.5504,1.273023512,0.65),(12,2015,19.9614,1.13182208,0.65),(13,2015,8.0428,2.511997029,0.65),(14,2015,3.71,2.421264641,0.65),(15,2015,0.3603,2.230976852,0.65),(16,2015,40.086,4.25,0.65),(17,2015,36.398525,2.578777834,0.65),(18,2015,18.067275,2.175187956,0.65),(19,2015,8.725076241,2.548666159,0.65),(20,2015,36.398525,1.5,0.65),(21,2015,5.4557,2.124436034,0.65),(22,2015,47.55056667,7.484278291,0.65),(23,2015,11.90123333,5.5,0.65),(24,2015,9.835,9,0.65),(25,2015,6.622566667,5.683488144,0.65),(26,2015,0.25,5.260659746,0.65),(27,2015,0.25,5.252773263,0.65),(28,2015,3.3564,5.495264148,0.65),(29,2015,28.91016667,6.487557215,0.65),(30,2015,3.926566667,5.575578978,0.65),(31,2015,0.316133333,5.273845787,0.65),(32,2015,2.363633333,5.618976674,0.65),(33,2015,0.776647507,5.286136169,0.65),(34,2015,9.964926865,4.2041926,0.65),(35,2015,10.39418755,4.245464464,0.65),(36,2015,8.488857047,4.06227382,0.65),(37,2015,17.53732567,4.932251387,0.65),(38,2015,18.35002877,5.010389854,0.65),(39,2015,15.09580051,4.697507563,0.65),(40,2015,10.88508199,4.292662191,0.65),(41,2015,2.70587057,3.506260564,0.65),(42,2015,47.321725,5,0.65),(43,2015,14,2.210970507,0.65),(44,2015,3.7187,1.681078447,0.65),(45,2015,28.5,5.277434766,0.65),(46,2015,15.70355,3.939004862,0.65),(47,2015,8.58355,2,0.65),(48,2015,24.232425,5,0.65),(49,2015,7.520885124,3.503726438,0.65),(50,2015,15.201,4.371329565,0.65),(51,2015,7.937925,3.704212276,0.65),(52,2015,21.85925,4.886565856,0.65),(53,2015,6.6583,3.595514002,0.65),(54,2015,8.794,3.702114613,0.65),(55,2015,1.003083333,3.47524808,0.65),(56,2015,0.25,3.28928054,0.65),(57,2015,39.656475,2.6875,0.65),(58,2015,17.784025,2.6,0.65),(59,2015,10.0831875,2.833333333,0.65),(60,2015,7.1835625,2.65,0.65),(61,2015,14.5376875,1.825,0.65),(62,2015,5.3995,1.433333333,0.65),(63,2015,3.88815,4.205763455,0.65),(64,2015,4.123259688,2.184925445,0.65),(65,2015,0.25,1.76971702,0.65),(66,2015,27.180625,2.45,0.65),(67,2015,16.1401,3.15,0.65),(68,2015,26.749575,1.6,0.65),(69,2015,4.75155,1.766666667,0.65),(70,2015,0.25,1.365042117,0.65),(71,2015,17.729425,1.525,0.65),(72,2015,16.7457,1.075,0.65),(73,2015,4.134625,1.50368325,0.65),(74,2015,7.446725,2.05,0.65),(75,2015,4.029370727,1.543918151,0.65),(76,2015,2.929425,2,0.65),(77,2015,4.1123,2.25,0.65),(78,2015,5.085725,1.611985939,0.65),(79,2015,19.78005,2.919799339,0.65),(80,2015,0.4374,2.325833468,0.65),(81,2015,55.35285,3.349777583,0.65),(82,2015,10.70945,2.535108586,0.65),(83,2015,30.1967,2.970977828,0.65),(84,2015,5.43975,2.664190317,0.65),(85,2015,0.25,2.329108437,0.65),(86,2015,29.049575,5.266666667,0.65),(87,2015,36.274575,2.425,0.65),(88,2015,3.318925,4.1,0.65),(89,2015,2.916825,2.585946408,0.65),(90,2015,1.637193637,2.460067276,0.65),(91,2015,24.7681,2.433333333,0.65),(92,2015,8.028625,1.418430074,0.65),(93,2015,16.537975,3.026037994,0.65),(94,2015,5.27205,2.585073653,0.65),(95,2015,11.16675,2.820356036,0.65),(96,2015,5.358669825,2.549194334,0.65),(97,2015,4.06916875,1,0.65),(1,2014,51.5,2.983769347,0.65),(2,2014,2.713675,2.290706366,0.65),(3,2014,7.38645,2.290451552,0.65),(4,2014,11.8367,2.316629054,0.65),(5,2014,3.16095,2.247041903,0.65),(6,2014,1.16135,2.214312679,0.65),(7,2014,1.781043056,2.241989788,0.65),(8,2014,41.06235,3.7,0.65),(9,2014,4.613275,2.355008967,0.65),(10,2014,0.25,2.181196929,0.65),(11,2014,44.554125,1.273023512,0.65),(12,2014,18.80515,1.13182208,0.65),(13,2014,6.1561,2.511997029,0.65),(14,2014,4.260775,2.421264641,0.65),(15,2014,0.287391667,2.230976852,0.65),(16,2014,35.585025,4.25,0.65),(17,2014,32.55078307,2.578777834,0.65),(18,2014,15.638875,2.175187956,0.65),(19,2014,8.835518473,2.548666159,0.65),(20,2014,32.3318,1.5,0.65),(21,2014,4.880396875,2.124436034,0.65),(22,2014,44.5424,7.484278291,0.65),(23,2014,8.465933333,5.5,0.65),(24,2014,10.29066667,9,0.65),(25,2014,4.6189,5.683488144,0.65),(26,2014,1.489390633,5.260659746,0.65),(28,2014,2.536355556,5.495264148,0.65),(29,2014,23.87946667,6.487557215,0.65),(30,2014,1.722133333,5.575578978,0.65),(31,2014,0.396,5.273845787,0.65),(32,2014,2.406133333,5.618976674,0.65),(33,2014,0.444910281,5.286136169,0.65),(34,2014,4.878271432,4.2041926,0.65),(35,2014,8.077712942,4.245464464,0.65),(36,2014,3.958576971,4.06227382,0.65),(37,2014,10.62639013,4.932251387,0.65),(38,2014,11.01684515,5.010389854,0.65),(39,2014,8.765481802,4.697507563,0.65),(40,2014,4.502992609,4.292662191,0.65),(41,2014,1.62731558,3.506260564,0.65),(42,2014,46.431775,5,0.65),(43,2014,13.880075,2.210970507,0.65),(44,2014,3.35915,1.681078447,0.65),(45,2014,28.29123333,5.277434766,0.65),(46,2014,15.338,3.939004862,0.65),(47,2014,4.814325,2,0.65),(48,2014,21.80235,5,0.65),(49,2014,6.20345219,3.503726438,0.65),(50,2014,12.79913333,4.371329565,0.65),(51,2014,9.847375,3.704212276,0.65),(52,2014,17.85523333,4.886565856,0.65),(53,2014,5.7196,3.595514002,0.65),(54,2014,7.201333333,3.702114613,0.65),(55,2014,1.040969444,3.47524808,0.65),(56,2014,0.25,3.28928054,0.65),(57,2014,33.8836625,2.6875,0.65),(58,2014,16.6783625,2.6,0.65),(59,2014,8.11395,2.833333333,0.65),(60,2014,6.1073,2.65,0.65),(61,2014,9.6312875,1.825,0.65),(62,2014,3.6463125,1.433333333,0.65),(63,2014,3.2818875,4.205763455,0.65),(64,2014,3.661510313,2.184925445,0.65),(65,2014,0.25,1.76971702,0.65),(66,2014,21.559875,2.45,0.65),(67,2014,11.1838,3.15,0.65),(68,2014,27.641475,1.6,0.65),(69,2014,4.48855,1.766666667,0.65),(70,2014,0.25,1.365042117,0.65),(71,2014,12.89055,1.525,0.65),(72,2014,15.016175,1.075,0.65),(73,2014,1.81565,1.50368325,0.65),(74,2014,5.587125,2.05,0.65),(75,2014,3.88174643,1.543918151,0.65),(76,2014,3.73945,2,0.65),(77,2014,2.484525,2.25,0.65),(78,2014,4.5875,1.611985939,0.65),(79,2014,15.30275,2.919799339,0.65),(80,2014,1.2563,2.325833468,0.65),(81,2014,48.87815,3.349777583,0.65),(82,2014,11.41395,2.535108586,0.65),(83,2014,23.93405,2.970977828,0.65),(84,2014,4.8863,2.664190317,0.65),(85,2014,0.25,2.329108437,0.65),(86,2014,22.37485,5.266666667,0.65),(87,2014,37.64575,2.425,0.65),(88,2014,3.1408,4.1,0.65),(89,2014,1.176139894,2.585946408,0.65),(90,2014,1.619810876,2.460067276,0.65),(91,2014,21.8862,2.433333333,0.65),(92,2014,6.149725,1.418430074,0.65),(93,2014,13.234225,3.026037994,0.65),(94,2014,4.1694,2.585073653,0.65),(95,2014,9.3232,2.820356036,0.65),(96,2014,5.408969054,2.549194334,0.65),(97,2014,3.9797125,1,0.65),(1,2013,50.90875,4.153211723,0.65),(2,2013,8.16555,3.1533742,0.65),(3,2013,10.32995,3.210365787,0.65),(4,2013,15.8635,3.264409996,0.65),(5,2013,4.85105,3.151906294,0.65),(6,2013,0.7353,3.100592493,0.65),(7,2013,2.96192,3.088994661,0.65),(8,2013,37.130125,5,0.65),(9,2013,5.9382,3.234882499,0.65),(10,2013,0.25,3.018844222,0.65),(11,2013,40.5867,1.75,0.65),(12,2013,14.9812,1.2,0.65),(13,2013,2.8226,3.335172921,0.65),(14,2013,4.576675,3.257537058,0.65),(15,2013,0.371575,3.085470798,0.65),(16,2013,33.5,2.55,0.65),(17,2013,30.78167245,2.759284289,0.65),(18,2013,9.5,2.457108603,0.65),(19,2013,8.54545,2.799612057,0.65),(20,2013,31.649525,3.3,0.65),(21,2013,3.686108333,2.385391086,0.65),(22,2013,40.410675,7.80641436,0.65),(23,2013,7.427125,5.5,0.65),(24,2013,14.480625,9,0.65),(25,2013,5.3761,5.670347546,0.65),(26,2013,0.856542417,5.361393239,0.65),(28,2013,3.021216667,5.705866606,0.65),(29,2013,28.793175,7.020124206,0.65),(30,2013,4.645075,5.720618645,0.65),(31,2013,0.28631588,5.306317942,0.65),(32,2013,2.992166667,5.67979254,0.65),(33,2013,0.36495,5.301785795,0.65),(42,2013,42.5,6.875,0.65),(43,2013,10.866975,3,0.65),(44,2013,3.780575,3,0.65),(45,2013,17.0322,6.955024761,0.65),(46,2013,16.331225,5.522523699,0.65),(47,2013,4.49675,1,0.65),(48,2013,15.9091,5,0.65),(50,2013,11.0354,5.393616096,0.65),(51,2013,9.65725,5.038758883,0.65),(52,2013,8.7501,6.062809857,0.65),(53,2013,1.9871,4.791012843,0.65),(54,2013,6.533675,5.100769338,0.65),(55,2013,0.697691667,4.722853928,0.65),(57,2013,27.941325,4.6,0.65),(58,2013,16.2607,5.075,0.65),(59,2013,6.734525,5.325,0.65),(60,2013,4.7083625,3.725,0.65),(61,2013,8.9430125,3.908333333,0.65),(62,2013,3.2740875,2.875,0.65),(63,2013,2.43625,5,0.65),(64,2013,3.845885625,4.242827411,0.65),(65,2013,0.25,3.306894519,0.65),(66,2013,23.18705,2.6,0.65),(67,2013,6.54515,2.125,0.65),(68,2013,27.59535,2.9,0.65),(69,2013,4.98455,3.45,0.65),(70,2013,0.25,1.640530667,0.65),(71,2013,14.0162,2.425,0.65),(72,2013,14.772575,1.325,0.65),(73,2013,2.808825,1.791083488,0.65),(74,2013,6.58735,1.675,0.65),(75,2013,3.345323876,1.794298667,0.65),(76,2013,4.429525,1.6,0.65),(77,2013,2.863,2.066666667,0.65),(78,2013,5.7849625,1.97455365,0.65),(79,2013,20.625,2.515641726,0.65),(80,2013,0.75,2.058269151,0.65),(81,2013,56.375,2.9360549,0.65),(82,2013,12.125,2.240756188,0.65),(83,2013,19,2.668099251,0.65),(84,2013,3.375,2.455582701,0.65),(85,2013,0.25,2.042676904,0.65),(86,2013,18.984625,3.166666667,0.65),(87,2013,33.863075,4,0.65),(88,2013,2.956125,2,0.65),(89,2013,0.25,2.106687782,0.65),(90,2013,1.457379818,2.138023248,0.65),(91,2013,20.413525,2.4,0.65),(92,2013,4.86955,2,0.65),(93,2013,10.790725,2.501395934,0.65),(94,2013,3.22255,2.169278024,0.65),(95,2013,9.395025,2.445232749,0.65),(96,2013,5.38239812,2.204927524,0.65),(97,2013,3.3904875,1.15,0.65),(1,2012,54,6.705012671,0.65),(2,2012,3.0612,4.870519199,0.65),(3,2012,9.5,4.885412259,0.65),(4,2012,12.5,4.878056676,0.65),(5,2012,3.8265,4.802691473,0.65),(6,2012,1.5228,4.759357358,0.65),(7,2012,1.77665,4.833345052,0.65),(8,2012,43.110425,7,0.65),(9,2012,7.45335,5.14138671,0.65),(10,2012,0.25,4.729159346,0.65),(11,2012,44.02695,5,0.65),(12,2012,20.847625,5.5,0.65),(13,2012,2.17575,5.177849294,0.65),(14,2012,4.36255,5.129867781,0.65),(15,2012,0.465275,4.816143414,0.65),(16,2012,34.4247,6.8,0.65),(17,2012,25.49157888,5.336482059,0.65),(18,2012,9.63015,4.907198979,0.65),(19,2012,10.685575,5.430569408,0.65),(20,2012,32.26626667,5.766666667,0.65),(21,2012,2.860845,4.662746149,0.65),(22,2012,40,9.995837998,0.65),(23,2012,7.0352,6.3,0.65),(24,2012,14,9,0.65),(25,2012,4.6901,6.870444283,0.65),(26,2012,0.265054516,5.774064868,0.65),(29,2012,29.3132,9.823104082,0.65),(30,2012,3.5176,6.141721034,0.65),(31,2012,0.25,5.728725156,0.65),(32,2012,3.350066667,6.839855181,0.65),(33,2012,0.2525,5.726081348,0.65),(42,2012,42.8698,8.775,0.65),(43,2012,15.039125,2.112679487,0.65),(44,2012,3.366875,2.622210811,0.65),(45,2012,24.25,8.713707641,0.65),(46,2012,19.625,6.464377776,0.65),(47,2012,4.2726,1.6,0.65),(48,2012,11.832625,7.35,0.65),(50,2012,15.25,7.498563777,0.65),(51,2012,9.1426,6.676033815,0.65),(52,2012,1.557179683,7.155586854,0.65),(53,2012,5.75,5.58996352,0.65),(54,2012,8.875,5.911267833,0.65),(55,2012,0.978233333,5.67226326,0.65),(57,2012,32.2887625,6.7125,0.65),(58,2012,15.6358375,5.6,0.65),(59,2012,8.2907875,8.8,0.65),(60,2012,1.977425,5.6,0.65),(61,2012,8.1712875,3.65,0.65),(62,2012,2.9057625,4.333333333,0.65),(63,2012,1.3581125,7.5,0.65),(64,2012,3.437254286,6.118286241,0.65),(65,2012,0.25,4.524821535,0.65),(66,2012,24.940875,2.675,0.65),(67,2012,0.25,2.05,0.65),(68,2012,22.737425,4.7,0.65),(69,2012,3.4697,4.875,0.65),(70,2012,0.25,2.236250817,0.65),(71,2012,10.103225,3.45,0.65),(72,2012,13.433875,1.6,0.65),(73,2012,2.463975,2.425558364,0.65),(74,2012,7.356,3,0.65),(75,2012,3.088574947,2.371839247,0.65),(77,2012,1.303,2.925,0.65),(78,2012,5.861725,2.665422708,0.65),(79,2012,20.6491,3.594391363,0.65),(80,2012,0.25,2.860701494,0.65),(81,2012,57.3324,4.011468176,0.65),(82,2012,13.8941,3.189491975,0.65),(83,2012,11.89535,3.993202038,0.65),(84,2012,1.37625,3.566992156,0.65),(85,2012,0.25,2.863745851,0.65),(86,2012,20.14295,5.5,0.65),(87,2012,32.82595,4.75,0.65),(88,2012,1.782775,3.15,0.65),(89,2012,0.25,2.852160024,0.65),(90,2012,1.63440811,2.96970815,0.65),(91,2012,16.08755,2.875,0.65),(92,2012,3.46115,3.7,0.65),(93,2012,7.9571,3.373440554,0.65),(94,2012,3.251075,3.024958501,0.65),(95,2012,5.04335,3.398179133,0.65),(96,2012,5.061429807,3.058642585,0.65),(97,2012,1.92924375,2.6,0.65),(1,2011,30.25,8.311897335,0.65),(2,2011,7.875,6.084093568,0.65),(3,2011,9.375,6.037486795,0.65),(4,2011,12.375,6.121378987,0.65),(5,2011,5.75,6.102736278,0.65),(6,2011,4.25,5.953594603,0.65),(7,2011,4.125,5.88834512,0.65),(8,2011,39.34476667,7.938121835,0.65),(9,2011,16.104,6.747691016,0.65),(11,2011,41.98006667,7.35,0.65),(12,2011,25.1638,3.858920075,0.65),(13,2011,3.1054,6.252743952,0.65),(14,2011,4.0733709,6.186451119,0.65),(15,2011,1.445866667,5.998910558,0.65),(16,2011,26.43163333,4,0.65),(17,2011,17.59032698,4.360181625,0.65),(18,2011,9.857566667,4.15697804,0.65),(19,2011,8.913467936,4.710467158,0.65),(20,2011,21.52289632,5.5,0.65),(21,2011,3.792733333,4.069237285,0.65),(22,2011,36.99018942,10.54496274,0.65),(23,2011,6.121712044,7,0.65),(24,2011,13.85726233,12,0.65),(25,2011,4.876971217,8.179455815,0.65),(26,2011,0.924861581,7.177305362,0.65),(29,2011,30.2106355,10.23534176,0.65),(30,2011,3.872198843,7.510675689,0.65),(31,2011,0.25,7.174973745,0.65),(32,2011,3.237286772,8.006072209,0.65),(33,2011,0.25,7.182570319,0.65),(42,2011,56.351775,3.5,0.65),(43,2011,22.737975,3,0.65),(44,2011,3.9279,4.333333333,0.65),(45,2011,14.25,4.178947182,0.65),(46,2011,20.75,3.345597431,0.65),(47,2011,5.477575,2.05,0.65),(48,2011,14.48075,3,0.65),(50,2011,13.57006909,3.237939808,0.65),(51,2011,10.284475,3.605588199,0.65),(53,2011,3,2.715600969,0.65),(54,2011,10.5,3.014649923,0.65),(55,2011,6.8705875,2.77740442,0.65),(57,2011,34.50517083,4.9625,0.65),(58,2011,14.8233125,4.325,0.65),(59,2011,9.785066667,6.166666667,0.65),(60,2011,3.43135,2.566666667,0.65),(61,2011,11.4969625,3.166666667,0.65),(62,2011,2.345645833,6,0.65),(63,2011,1.470583333,2.1,0.65),(64,2011,3.390278021,4.712576873,0.65),(65,2011,0.25,3.451136659,0.65),(66,2011,34.70515,5.3,0.65),(68,2011,18.0136,4.525,0.65),(69,2011,3.971175,2.275,0.65),(70,2011,0.25,2.487899752,0.65),(71,2011,6.3285,2.333333333,0.65),(72,2011,13.77485,2.333333333,0.65),(73,2011,4.09295,2.842944586,0.65),(74,2011,10.46795,2.666666667,0.65),(75,2011,2.785101108,2.561825506,0.65),(77,2011,0.25,3,0.65),(78,2011,2.2355875,2.744913355,0.65),(79,2011,33,4.060966303,0.65),(80,2011,0.25,3.215804743,0.65),(81,2011,60.25,4.36968931,0.65),(82,2011,14.5,3.829323521,0.65),(83,2011,6,4.305504606,0.65),(84,2011,4.75,4.06711602,0.65),(85,2011,0.25,3.30894335,0.65),(86,2011,27.099375,3.125,0.65),(87,2011,29.0096,5.666666667,0.65),(88,2011,0.25,3,0.65),(89,2011,0.25,3.129504784,0.65),(90,2011,2.97496988,3.241493196,0.65),(91,2011,14.610575,5.2,0.65),(92,2011,4.1947,6.46959543,0.65),(93,2011,8.333325,3.506497436,0.65),(94,2011,4.254825,3.290734248,0.65),(95,2011,5.34695,3.555502865,0.65),(96,2011,4.470113544,3.294293364,0.65),(97,2011,1.752425,1.45,0.65),(1,2010,28.8136,5.840138858,0.65),(2,2010,3.9548,4.590551935,0.65),(3,2010,7.0621,4.580608273,0.65),(4,2010,1.6949,4.686674006,0.65),(5,2010,1.4124,4.53088996,0.65),(6,2010,2.5424,4.497744419,0.65),(7,2010,2.5424,4.385049577,0.65),(8,2010,36.76458802,4.925,0.65),(9,2010,16.56986914,4.864000079,0.65),(10,2010,0.25,4.040335943,0.65),(11,2010,35.6863958,8.239202707,0.65),(12,2010,23.41332495,5,0.65),(13,2010,2.962305134,4.42269636,0.65),(14,2010,3.777269409,4.264641877,0.65),(15,2010,1.397590833,4.275465473,0.65),(16,2010,20.92367101,2.333333333,0.65),(17,2010,8.426989187,2.568513566,0.65),(18,2010,7.993939188,2.563345487,0.65),(19,2010,7.778014104,2.857164464,0.65),(20,2010,34.52632346,4.75,0.65),(21,2010,3.33334855,2.584965736,0.65),(22,2010,30.76407316,7.239929857,0.65),(23,2010,4.758826402,6.318948711,0.65),(24,2010,9.126140717,6.015302688,0.65),(25,2010,3.890366251,5.48646452,0.65),(26,2010,2.067532035,4.631809356,0.65),(29,2010,27.02969253,7.272804711,0.65),(30,2010,3.311245164,4.915461922,0.65),(31,2010,0.25,4.598951856,0.65),(32,2010,2.715526281,5.281364499,0.65),(33,2010,0.25,4.607801888,0.65),(42,2010,50.508025,7.775,0.65),(43,2010,22.371025,3.75,0.65),(44,2010,4.03125,2,0.65),(45,2010,10.25,7.135330129,0.65),(46,2010,20.75,5.817789333,0.65),(47,2010,2.4359,1.666666667,0.65),(48,2010,8.411875,2.777619606,0.65),(50,2010,11.403498,4.654838599,0.65),(51,2010,10.1995,5.365178348,0.65),(53,2010,6.25,4.025069889,0.65),(54,2010,7.25,4.565045626,0.65),(55,2010,7.9933875,4.845833008,0.65),(57,2010,28.11621667,3.325,0.65),(58,2010,12.0372625,6.666666667,0.65),(59,2010,9.386,4.85,0.65),(60,2010,0.25,3.422550308,0.65),(61,2010,9.593283333,3.666666667,0.65),(62,2010,1.788095833,8.637654198,0.65),(63,2010,1.797383333,2.910254688,0.65),(64,2010,2.83484,4.712235327,0.65),(65,2010,0.25,3.593414359,0.65),(66,2010,33.263175,3.375,0.65),(68,2010,17.44205,3.875,0.65),(69,2010,3.047325,5.8,0.65),(70,2010,0.457225,2.796392396,0.65),(71,2010,3.50935,4.85,0.65),(72,2010,12.114625,2.675,0.65),(73,2010,3.426125,3.294702759,0.65),(74,2010,8.6503,4.075,0.65),(75,2010,2.374153831,2.91010189,0.65),(77,2010,0.25,0.914105396,0.65),(78,2010,1.514258333,3.053894962,0.65),(79,2010,21.5,5.202675789,0.65),(80,2010,0.25,3.96928391,0.65),(81,2010,66,5.534959445,0.65),(82,2010,10,4.971766807,0.65),(83,2010,0.75,5.213939641,0.65),(84,2010,0.5,5.197043862,0.65),(85,2010,0.25,4.01621663,0.65),(86,2010,23.482375,6.866666667,0.65),(87,2010,17.420675,6,0.65),(89,2010,0.25,3.879864944,0.65),(90,2010,1.412675,4.151560769,0.65),(91,2010,11.65785,4.25,0.65),(92,2010,3.866175,6.487521949,0.65),(93,2010,8.09375,4.313008889,0.65),(94,2010,4.633,4.118237736,0.65),(95,2010,5.58655,4.455222971,0.65),(96,2010,4.736429467,4.073418303,0.65),(97,2010,1.737975,1.74000083,0.65);
/*!40000 ALTER TABLE `brand_tracking_data` ENABLE KEYS */;
UNLOCK TABLES;

--
-- Table structure for table `brands`
--

DROP TABLE IF EXISTS `brands`;
/*!40101 SET @saved_cs_client     = @@character_set_client */;
/*!40101 SET character_set_client = utf8 */;
CREATE TABLE `brands` (
  `brand_id` bigint(20) DEFAULT NULL,
  `name` text,
  `local_name` text,
  `is_UL` bigint(20) DEFAULT NULL,
  `brand_status` text,
  `cat_id` bigint(20) DEFAULT NULL
) ENGINE=InnoDB DEFAULT CHARSET=utf8;
/*!40101 SET character_set_client = @saved_cs_client */;

--
-- Dumping data for table `brands`
--

LOCK TABLES `brands` WRITE;
/*!40000 ALTER TABLE `brands` DISABLE KEYS */;
INSERT INTO `brands` VALUES (1,'Hellmann\'s World','Hellmann\'s',1,'L',1),(2,'Others','Others',1,'O',1),(3,'Soya','Soya',0,'C',1),(4,'Liza','Liza',0,'C',1),(5,'Vigor (Cia Leco)','Vigor (Cia Leco)',0,'S',1),(6,'Primor','Primor',0,'S',1),(7,'Others','Others',0,'O',1),(8,'Knorr World','Knorr',1,'C',2),(9,'Arisco','Arisco',1,'C',2),(10,'Others','Others',1,'O',2),(11,'Sazon','Sazon',0,'L',2),(12,'Maggi','Maggi',0,'C',2),(13,'Kitano','Kitano',0,'C',2),(14,'Sabor AMI','Sabor AMI',0,'C',2),(15,'Others','Others',0,'O',2),(16,'AdeS','AdeS',1,'C',3),(17,'Minute Maid','Minute Maid',0,'L',3),(18,'Su Fresh','Su Fresh',0,'C',3),(19,'Kapo','Kapo',0,'C',3),(20,'Del Valle','Del Valle',0,'C',3),(21,'Others','Others',0,'O',3),(22,'Heart','Kibon',1,'L',4),(23,'Magnum','Magnum',1,'S',4),(24,'Fruttare','Fruttare',1,'S',4),(25,'Cornetto','Cornetto',1,'S',4),(26,'Carte d\'Or','Carte d\'Or',1,'S',4),(27,'Ben & Jerry\'s','Ben & Jerry\'s',1,'S',4),(28,'Others','Others',1,'O',4),(29,'Nestle','Nestle',0,'C',4),(30,'Jundia','Jundia',0,'C',4),(31,'Haagen Dazs','Haagen Dazs',0,'C',4),(32,'Others','Others',0,'O',4),(33,'Private Labels','Private Labels',0,'O',4),(34,'Cif','Cif',1,'C',5),(35,'Radiant','Brilhante',1,'S',5),(36,'Domestos','Vim',1,'S',5),(37,'Veja','Veja',0,'L',5),(38,'Q\'Boa','Q\'Boa',0,'C',5),(39,'Brilux','Brilux',0,'C',5),(40,'Mr Muscle','Mr Muscle',0,'C',5),(41,'Others','Others',0,'O',5),(42,'Dirt Is Good','Omo',1,'L',6),(43,'Radiant','Brilhante',1,'C',6),(44,'Comfort','Comfort',1,'C',6),(45,'Surf','Surf',1,'C',6),(46,'Others','Others',1,'O',6),(47,'Tixan','Tixan',0,'C',6),(48,'Ariel','Ariel',0,'C',6),(49,'Vanish','Vanish',0,'C',6),(50,'Ype','Ype',0,'C',6),(51,'Ace','Ace/Quanto',0,'C',6),(52,'Lenor/Downy','Downy',0,'C',6),(53,'Baby Soft','Baby Soft',0,'C',6),(54,'Mon Bijou','Mon Bijou',0,'C',6),(55,'Others','Others',0,'O',6),(56,'Private Labels','Private Labels',0,'O',6),(57,'Rexona','Rexona',1,'L',7),(58,'Dove','Dove',1,'C',7),(59,'Axe','Axe',1,'C',7),(60,'Dove Men+Care','Dove Men+Care',1,'C',7),(61,'Nivea','Nivea',0,'C',7),(62,'Garnier','Garnier',0,'C',7),(63,'Gillette','Gillette',0,'C',7),(64,'Others','Others',0,'O',7),(65,'Private Labels','Private Labels',0,'O',7),(66,'Sunsilk','Seda',1,'L',8),(67,'TRESemme','TRESemme',1,'C',8),(68,'Dove','Dove',1,'C',8),(69,'Clear','Clear',1,'C',8),(70,'Others','Others',1,'O',8),(71,'Pantene','Pantene',0,'C',8),(72,'L\'Oreal Paris','Elseve',0,'C',8),(73,'Palmolive','Palmolive',0,'C',8),(74,'Garnier','Fructis',0,'C',8),(75,'Johnson\'s','Johnson\'s',0,'C',8),(76,'Gold (Niely)','Gold (Niely)',0,'C',8),(77,'Head & Shoulders','Head & Shoulders',0,'C',8),(78,'Others','Others',0,'O',8),(79,'Close up','Close Up',1,'C',9),(80,'Others','Others',1,'O',9),(81,'Colgate','Colgate',0,'L',9),(82,'Colgate','Sorriso',0,'C',9),(83,'Oral-B','Oral-B',0,'C',9),(84,'Sensodyne','Sensodyne',0,'C',9),(85,'Others','Others',0,'O',9),(86,'Lux','Lux',1,'C',10),(87,'Dove','Dove',1,'C',10),(88,'Lifebuoy','Lifebuoy',1,'C',10),(89,'Extreme Freshness','Rexona',1,'S',10),(90,'Others','Others',1,'O',10),(91,'Protex','Protex',0,'L',10),(92,'Palmolive','Palmolive',0,'C',10),(93,'Johnson\'s','Johnson\'s',0,'C',10),(94,'Francis','Francis',0,'C',10),(95,'Nivea','Nivea',0,'C',10),(96,'Phebo','Phebo',0,'C',10),(97,'Others','Others',0,'O',10);
/*!40000 ALTER TABLE `brands` ENABLE KEYS */;
UNLOCK TABLES;

--
-- Table structure for table `calcs`
--

DROP TABLE IF EXISTS `calcs`;
/*!40101 SET @saved_cs_client     = @@character_set_client */;
/*!40101 SET character_set_client = utf8 */;
CREATE TABLE `calcs` (
  `brand_id` bigint(20) DEFAULT NULL,
  `X` bigint(20) DEFAULT NULL
) ENGINE=InnoDB DEFAULT CHARSET=utf8;
/*!40101 SET character_set_client = @saved_cs_client */;

--
-- Dumping data for table `calcs`
--

LOCK TABLES `calcs` WRITE;
/*!40000 ALTER TABLE `calcs` DISABLE KEYS */;
INSERT INTO `calcs` VALUES (1,0),(2,0),(3,0),(4,0),(5,0),(6,0),(7,0),(8,0),(9,0),(10,0),(11,0),(12,0),(13,0),(14,0),(15,0),(16,0),(17,0),(18,0),(19,0),(20,0),(21,0),(22,0),(23,0),(24,0),(25,0),(26,0),(27,0),(28,0),(29,0),(30,0),(31,0),(32,0),(33,0),(34,0),(35,0),(36,0),(37,0),(38,0),(39,0),(40,0),(41,0),(42,0),(43,0),(44,0),(45,0),(46,0),(47,0),(48,0),(49,0),(50,0),(51,0),(52,0),(53,0),(54,0),(55,0),(56,0),(57,0),(58,0),(59,0),(60,0),(61,0),(62,0),(63,0),(64,0),(65,0),(66,0),(67,0),(68,0),(69,0),(70,0),(71,0),(72,0),(73,0),(74,0),(75,0),(76,0),(77,0),(78,0),(79,0),(80,0),(81,0),(82,0),(83,0),(84,0),(85,0),(86,0),(87,0),(88,0),(89,0),(90,0),(91,0),(92,0),(93,0),(94,0),(95,0),(96,0),(97,0),(1,1),(2,1),(3,1),(4,1),(5,1),(6,1),(7,1),(8,1),(9,1),(10,1),(11,1),(12,1),(13,1),(14,1),(15,1),(16,1),(17,1),(18,1),(19,1),(20,1),(21,1),(22,1),(23,1),(24,1),(25,1),(26,1),(27,1),(28,1),(29,1),(30,1),(31,1),(32,1),(33,1),(34,1),(35,1),(36,1),(37,1),(38,1),(39,1),(40,1),(41,1),(42,1),(43,1),(44,1),(45,1),(46,1),(47,1),(48,1),(49,1),(50,1),(51,1),(52,1),(53,1),(54,1),(55,1),(56,1),(57,1),(58,1),(59,1),(60,1),(61,1),(62,1),(63,1),(64,1),(65,1),(66,1),(67,1),(68,1),(69,1),(70,1),(71,1),(72,1),(73,1),(74,1),(75,1),(76,1),(77,1),(78,1),(79,1),(80,1),(81,1),(82,1),(83,1),(84,1),(85,1),(86,1),(87,1),(88,1),(89,1),(90,1),(91,1),(92,1),(93,1),(94,1),(95,1),(96,1),(97,1),(1,2),(2,2),(3,2),(4,2),(5,2),(6,2),(7,2),(8,2),(9,2),(10,2),(11,2),(12,2),(13,2),(14,2),(15,2),(16,2),(17,2),(18,2),(19,2),(20,2),(21,2),(22,2),(23,2),(24,2),(25,2),(26,2),(27,2),(28,2),(29,2),(30,2),(31,2),(32,2),(33,2),(34,2),(35,2),(36,2),(37,2),(38,2),(39,2),(40,2),(41,2),(42,2),(43,2),(44,2),(45,2),(46,2),(47,2),(48,2),(49,2),(50,2),(51,2),(52,2),(53,2),(54,2),(55,2),(56,2),(57,2),(58,2),(59,2),(60,2),(61,2),(62,2),(63,2),(64,2),(65,2),(66,2),(67,2),(68,2),(69,2),(70,2),(71,2),(72,2),(73,2),(74,2),(75,2),(76,2),(77,2),(78,2),(79,2),(80,2),(81,2),(82,2),(83,2),(84,2),(85,2),(86,2),(87,2),(88,2),(89,2),(90,2),(91,2),(92,2),(93,2),(94,2),(95,2),(96,2),(97,2),(1,3),(2,3),(3,3),(4,3),(5,3),(6,3),(7,3),(8,3),(9,3),(10,3),(11,3),(12,3),(13,3),(14,3),(15,3),(16,3),(17,3),(18,3),(19,3),(20,3),(21,3),(22,3),(23,3),(24,3),(25,3),(26,3),(27,3),(28,3),(29,3),(30,3),(31,3),(32,3),(33,3),(34,3),(35,3),(36,3),(37,3),(38,3),(39,3),(40,3),(41,3),(42,3),(43,3),(44,3),(45,3),(46,3),(47,3),(48,3),(49,3),(50,3),(51,3),(52,3),(53,3),(54,3),(55,3),(56,3),(57,3),(58,3),(59,3),(60,3),(61,3),(62,3),(63,3),(64,3),(65,3),(66,3),(67,3),(68,3),(69,3),(70,3),(71,3),(72,3),(73,3),(74,3),(75,3),(76,3),(77,3),(78,3),(79,3),(80,3),(81,3),(82,3),(83,3),(84,3),(85,3),(86,3),(87,3),(88,3),(89,3),(90,3),(91,3),(92,3),(93,3),(94,3),(95,3),(96,3),(97,3),(1,4),(2,4),(3,4),(4,4),(5,4),(6,4),(7,4),(8,4),(9,4),(10,4),(11,4),(12,4),(13,4),(14,4),(15,4),(16,4),(17,4),(18,4),(19,4),(20,4),(21,4),(22,4),(23,4),(24,4),(25,4),(26,4),(27,4),(28,4),(29,4),(30,4),(31,4),(32,4),(33,4),(34,4),(35,4),(36,4),(37,4),(38,4),(39,4),(40,4),(41,4),(42,4),(43,4),(44,4),(45,4),(46,4),(47,4),(48,4),(49,4),(50,4),(51,4),(52,4),(53,4),(54,4),(55,4),(56,4),(57,4),(58,4),(59,4),(60,4),(61,4),(62,4),(63,4),(64,4),(65,4),(66,4),(67,4),(68,4),(69,4),(70,4),(71,4),(72,4),(73,4),(74,4),(75,4),(76,4),(77,4),(78,4),(79,4),(80,4),(81,4),(82,4),(83,4),(84,4),(85,4),(86,4),(87,4),(88,4),(89,4),(90,4),(91,4),(92,4),(93,4),(94,4),(95,4),(96,4),(97,4),(1,5),(2,5),(3,5),(4,5),(5,5),(6,5),(7,5),(8,5),(9,5),(10,5),(11,5),(12,5),(13,5),(14,5),(15,5),(16,5),(17,5),(18,5),(19,5),(20,5),(21,5),(22,5),(23,5),(24,5),(25,5),(26,5),(27,5),(28,5),(29,5),(30,5),(31,5),(32,5),(33,5),(34,5),(35,5),(36,5),(37,5),(38,5),(39,5),(40,5),(41,5),(42,5),(43,5),(44,5),(45,5),(46,5),(47,5),(48,5),(49,5),(50,5),(51,5),(52,5),(53,5),(54,5),(55,5),(56,5),(57,5),(58,5),(59,5),(60,5),(61,5),(62,5),(63,5),(64,5),(65,5),(66,5),(67,5),(68,5),(69,5),(70,5),(71,5),(72,5),(73,5),(74,5),(75,5),(76,5),(77,5),(78,5),(79,5),(80,5),(81,5),(82,5),(83,5),(84,5),(85,5),(86,5),(87,5),(88,5),(89,5),(90,5),(91,5),(92,5),(93,5),(94,5),(95,5),(96,5),(97,5),(1,6),(2,6),(3,6),(4,6),(5,6),(6,6),(7,6),(8,6),(9,6),(10,6),(11,6),(12,6),(13,6),(14,6),(15,6),(16,6),(17,6),(18,6),(19,6),(20,6),(21,6),(22,6),(23,6),(24,6),(25,6),(26,6),(27,6),(28,6),(29,6),(30,6),(31,6),(32,6),(33,6),(34,6),(35,6),(36,6),(37,6),(38,6),(39,6),(40,6),(41,6),(42,6),(43,6),(44,6),(45,6),(46,6),(47,6),(48,6),(49,6),(50,6),(51,6),(52,6),(53,6),(54,6),(55,6),(56,6),(57,6),(58,6),(59,6),(60,6),(61,6),(62,6),(63,6),(64,6),(65,6),(66,6),(67,6),(68,6),(69,6),(70,6),(71,6),(72,6),(73,6),(74,6),(75,6),(76,6),(77,6),(78,6),(79,6),(80,6),(81,6),(82,6),(83,6),(84,6),(85,6),(86,6),(87,6),(88,6),(89,6),(90,6),(91,6),(92,6),(93,6),(94,6),(95,6),(96,6),(97,6),(1,7),(2,7),(3,7),(4,7),(5,7),(6,7),(7,7),(8,7),(9,7),(10,7),(11,7),(12,7),(13,7),(14,7),(15,7),(16,7),(17,7),(18,7),(19,7),(20,7),(21,7),(22,7),(23,7),(24,7),(25,7),(26,7),(27,7),(28,7),(29,7),(30,7),(31,7),(32,7),(33,7),(34,7),(35,7),(36,7),(37,7),(38,7),(39,7),(40,7),(41,7),(42,7),(43,7),(44,7),(45,7),(46,7),(47,7),(48,7),(49,7),(50,7),(51,7),(52,7),(53,7),(54,7),(55,7),(56,7),(57,7),(58,7),(59,7),(60,7),(61,7),(62,7),(63,7),(64,7),(65,7),(66,7),(67,7),(68,7),(69,7),(70,7),(71,7),(72,7),(73,7),(74,7),(75,7),(76,7),(77,7),(78,7),(79,7),(80,7),(81,7),(82,7),(83,7),(84,7),(85,7),(86,7),(87,7),(88,7),(89,7),(90,7),(91,7),(92,7),(93,7),(94,7),(95,7),(96,7),(97,7),(1,8),(2,8),(3,8),(4,8),(5,8),(6,8),(7,8),(8,8),(9,8),(10,8),(11,8),(12,8),(13,8),(14,8),(15,8),(16,8),(17,8),(18,8),(19,8),(20,8),(21,8),(22,8),(23,8),(24,8),(25,8),(26,8),(27,8),(28,8),(29,8),(30,8),(31,8),(32,8),(33,8),(34,8),(35,8),(36,8),(37,8),(38,8),(39,8),(40,8),(41,8),(42,8),(43,8),(44,8),(45,8),(46,8),(47,8),(48,8),(49,8),(50,8),(51,8),(52,8),(53,8),(54,8),(55,8),(56,8),(57,8),(58,8),(59,8),(60,8),(61,8),(62,8),(63,8),(64,8),(65,8),(66,8),(67,8),(68,8),(69,8),(70,8),(71,8),(72,8),(73,8),(74,8),(75,8),(76,8),(77,8),(78,8),(79,8),(80,8),(81,8),(82,8),(83,8),(84,8),(85,8),(86,8),(87,8),(88,8),(89,8),(90,8),(91,8),(92,8),(93,8),(94,8),(95,8),(96,8),(97,8),(1,9),(2,9),(3,9),(4,9),(5,9),(6,9),(7,9),(8,9),(9,9),(10,9),(11,9),(12,9),(13,9),(14,9),(15,9),(16,9),(17,9),(18,9),(19,9),(20,9),(21,9),(22,9),(23,9),(24,9),(25,9),(26,9),(27,9),(28,9),(29,9),(30,9),(31,9),(32,9),(33,9),(34,9),(35,9),(36,9),(37,9),(38,9),(39,9),(40,9),(41,9),(42,9),(43,9),(44,9),(45,9),(46,9),(47,9),(48,9),(49,9),(50,9),(51,9),(52,9),(53,9),(54,9),(55,9),(56,9),(57,9),(58,9),(59,9),(60,9),(61,9),(62,9),(63,9),(64,9),(65,9),(66,9),(67,9),(68,9),(69,9),(70,9),(71,9),(72,9),(73,9),(74,9),(75,9),(76,9),(77,9),(78,9),(79,9),(80,9),(81,9),(82,9),(83,9),(84,9),(85,9),(86,9),(87,9),(88,9),(89,9),(90,9),(91,9),(92,9),(93,9),(94,9),(95,9),(96,9),(97,9),(1,10),(2,10),(3,10),(4,10),(5,10),(6,10),(7,10),(8,10),(9,10),(10,10),(11,10),(12,10),(13,10),(14,10),(15,10),(16,10),(17,10),(18,10),(19,10),(20,10),(21,10),(22,10),(23,10),(24,10),(25,10),(26,10),(27,10),(28,10),(29,10),(30,10),(31,10),(32,10),(33,10),(34,10),(35,10),(36,10),(37,10),(38,10),(39,10),(40,10),(41,10),(42,10),(43,10),(44,10),(45,10),(46,10),(47,10),(48,10),(49,10),(50,10),(51,10),(52,10),(53,10),(54,10),(55,10),(56,10),(57,10),(58,10),(59,10),(60,10),(61,10),(62,10),(63,10),(64,10),(65,10),(66,10),(67,10),(68,10),(69,10),(70,10),(71,10),(72,10),(73,10),(74,10),(75,10),(76,10),(77,10),(78,10),(79,10),(80,10),(81,10),(82,10),(83,10),(84,10),(85,10),(86,10),(87,10),(88,10),(89,10),(90,10),(91,10),(92,10),(93,10),(94,10),(95,10),(96,10),(97,10),(1,11),(2,11),(3,11),(4,11),(5,11),(6,11),(7,11),(8,11),(9,11),(10,11),(11,11),(12,11),(13,11),(14,11),(15,11),(16,11),(17,11),(18,11),(19,11),(20,11),(21,11),(22,11),(23,11),(24,11),(25,11),(26,11),(27,11),(28,11),(29,11),(30,11),(31,11),(32,11),(33,11),(34,11),(35,11),(36,11),(37,11),(38,11),(39,11),(40,11),(41,11),(42,11),(43,11),(44,11),(45,11),(46,11),(47,11),(48,11),(49,11),(50,11),(51,11),(52,11),(53,11),(54,11),(55,11),(56,11),(57,11),(58,11),(59,11),(60,11),(61,11),(62,11),(63,11),(64,11),(65,11),(66,11),(67,11),(68,11),(69,11),(70,11),(71,11),(72,11),(73,11),(74,11),(75,11),(76,11),(77,11),(78,11),(79,11),(80,11),(81,11),(82,11),(83,11),(84,11),(85,11),(86,11),(87,11),(88,11),(89,11),(90,11),(91,11),(92,11),(93,11),(94,11),(95,11),(96,11),(97,11),(1,12),(2,12),(3,12),(4,12),(5,12),(6,12),(7,12),(8,12),(9,12),(10,12),(11,12),(12,12),(13,12),(14,12),(15,12),(16,12),(17,12),(18,12),(19,12),(20,12),(21,12),(22,12),(23,12),(24,12),(25,12),(26,12),(27,12),(28,12),(29,12),(30,12),(31,12),(32,12),(33,12),(34,12),(35,12),(36,12),(37,12),(38,12),(39,12),(40,12),(41,12),(42,12),(43,12),(44,12),(45,12),(46,12),(47,12),(48,12),(49,12),(50,12),(51,12),(52,12),(53,12),(54,12),(55,12),(56,12),(57,12),(58,12),(59,12),(60,12),(61,12),(62,12),(63,12),(64,12),(65,12),(66,12),(67,12),(68,12),(69,12),(70,12),(71,12),(72,12),(73,12),(74,12),(75,12),(76,12),(77,12),(78,12),(79,12),(80,12),(81,12),(82,12),(83,12),(84,12),(85,12),(86,12),(87,12),(88,12),(89,12),(90,12),(91,12),(92,12),(93,12),(94,12),(95,12),(96,12),(97,12),(1,13),(2,13),(3,13),(4,13),(5,13),(6,13),(7,13),(8,13),(9,13),(10,13),(11,13),(12,13),(13,13),(14,13),(15,13),(16,13),(17,13),(18,13),(19,13),(20,13),(21,13),(22,13),(23,13),(24,13),(25,13),(26,13),(27,13),(28,13),(29,13),(30,13),(31,13),(32,13),(33,13),(34,13),(35,13),(36,13),(37,13),(38,13),(39,13),(40,13),(41,13),(42,13),(43,13),(44,13),(45,13),(46,13),(47,13),(48,13),(49,13),(50,13),(51,13),(52,13),(53,13),(54,13),(55,13),(56,13),(57,13),(58,13),(59,13),(60,13),(61,13),(62,13),(63,13),(64,13),(65,13),(66,13),(67,13),(68,13),(69,13),(70,13),(71,13),(72,13),(73,13),(74,13),(75,13),(76,13),(77,13),(78,13),(79,13),(80,13),(81,13),(82,13),(83,13),(84,13),(85,13),(86,13),(87,13),(88,13),(89,13),(90,13),(91,13),(92,13),(93,13),(94,13),(95,13),(96,13),(97,13),(1,14),(2,14),(3,14),(4,14),(5,14),(6,14),(7,14),(8,14),(9,14),(10,14),(11,14),(12,14),(13,14),(14,14),(15,14),(16,14),(17,14),(18,14),(19,14),(20,14),(21,14),(22,14),(23,14),(24,14),(25,14),(26,14),(27,14),(28,14),(29,14),(30,14),(31,14),(32,14),(33,14),(34,14),(35,14),(36,14),(37,14),(38,14),(39,14),(40,14),(41,14),(42,14),(43,14),(44,14),(45,14),(46,14),(47,14),(48,14),(49,14),(50,14),(51,14),(52,14),(53,14),(54,14),(55,14),(56,14),(57,14),(58,14),(59,14),(60,14),(61,14),(62,14),(63,14),(64,14),(65,14),(66,14),(67,14),(68,14),(69,14),(70,14),(71,14),(72,14),(73,14),(74,14),(75,14),(76,14),(77,14),(78,14),(79,14),(80,14),(81,14),(82,14),(83,14),(84,14),(85,14),(86,14),(87,14),(88,14),(89,14),(90,14),(91,14),(92,14),(93,14),(94,14),(95,14),(96,14),(97,14),(1,15),(2,15),(3,15),(4,15),(5,15),(6,15),(7,15),(8,15),(9,15),(10,15),(11,15),(12,15),(13,15),(14,15),(15,15),(16,15),(17,15),(18,15),(19,15),(20,15),(21,15),(22,15),(23,15),(24,15),(25,15),(26,15),(27,15),(28,15),(29,15),(30,15),(31,15),(32,15),(33,15),(34,15),(35,15),(36,15),(37,15),(38,15),(39,15),(40,15),(41,15),(42,15),(43,15),(44,15),(45,15),(46,15),(47,15),(48,15),(49,15),(50,15),(51,15),(52,15),(53,15),(54,15),(55,15),(56,15),(57,15),(58,15),(59,15),(60,15),(61,15),(62,15),(63,15),(64,15),(65,15),(66,15),(67,15),(68,15),(69,15),(70,15),(71,15),(72,15),(73,15),(74,15),(75,15),(76,15),(77,15),(78,15),(79,15),(80,15),(81,15),(82,15),(83,15),(84,15),(85,15),(86,15),(87,15),(88,15),(89,15),(90,15),(91,15),(92,15),(93,15),(94,15),(95,15),(96,15),(97,15),(1,16),(2,16),(3,16),(4,16),(5,16),(6,16),(7,16),(8,16),(9,16),(10,16),(11,16),(12,16),(13,16),(14,16),(15,16),(16,16),(17,16),(18,16),(19,16),(20,16),(21,16),(22,16),(23,16),(24,16),(25,16),(26,16),(27,16),(28,16),(29,16),(30,16),(31,16),(32,16),(33,16),(34,16),(35,16),(36,16),(37,16),(38,16),(39,16),(40,16),(41,16),(42,16),(43,16),(44,16),(45,16),(46,16),(47,16),(48,16),(49,16),(50,16),(51,16),(52,16),(53,16),(54,16),(55,16),(56,16),(57,16),(58,16),(59,16),(60,16),(61,16),(62,16),(63,16),(64,16),(65,16),(66,16),(67,16),(68,16),(69,16),(70,16),(71,16),(72,16),(73,16),(74,16),(75,16),(76,16),(77,16),(78,16),(79,16),(80,16),(81,16),(82,16),(83,16),(84,16),(85,16),(86,16),(87,16),(88,16),(89,16),(90,16),(91,16),(92,16),(93,16),(94,16),(95,16),(96,16),(97,16),(1,17),(2,17),(3,17),(4,17),(5,17),(6,17),(7,17),(8,17),(9,17),(10,17),(11,17),(12,17),(13,17),(14,17),(15,17),(16,17),(17,17),(18,17),(19,17),(20,17),(21,17),(22,17),(23,17),(24,17),(25,17),(26,17),(27,17),(28,17),(29,17),(30,17),(31,17),(32,17),(33,17),(34,17),(35,17),(36,17),(37,17),(38,17),(39,17),(40,17),(41,17),(42,17),(43,17),(44,17),(45,17),(46,17),(47,17),(48,17),(49,17),(50,17),(51,17),(52,17),(53,17),(54,17),(55,17),(56,17),(57,17),(58,17),(59,17),(60,17),(61,17),(62,17),(63,17),(64,17),(65,17),(66,17),(67,17),(68,17),(69,17),(70,17),(71,17),(72,17),(73,17),(74,17),(75,17),(76,17),(77,17),(78,17),(79,17),(80,17),(81,17),(82,17),(83,17),(84,17),(85,17),(86,17),(87,17),(88,17),(89,17),(90,17),(91,17),(92,17),(93,17),(94,17),(95,17),(96,17),(97,17),(1,18),(2,18),(3,18),(4,18),(5,18),(6,18),(7,18),(8,18),(9,18),(10,18),(11,18),(12,18),(13,18),(14,18),(15,18),(16,18),(17,18),(18,18),(19,18),(20,18),(21,18),(22,18),(23,18),(24,18),(25,18),(26,18),(27,18),(28,18),(29,18),(30,18),(31,18),(32,18),(33,18),(34,18),(35,18),(36,18),(37,18),(38,18),(39,18),(40,18),(41,18),(42,18),(43,18),(44,18),(45,18),(46,18),(47,18),(48,18),(49,18),(50,18),(51,18),(52,18),(53,18),(54,18),(55,18),(56,18),(57,18),(58,18),(59,18),(60,18),(61,18),(62,18),(63,18),(64,18),(65,18),(66,18),(67,18),(68,18),(69,18),(70,18),(71,18),(72,18),(73,18),(74,18),(75,18),(76,18),(77,18),(78,18),(79,18),(80,18),(81,18),(82,18),(83,18),(84,18),(85,18),(86,18),(87,18),(88,18),(89,18),(90,18),(91,18),(92,18),(93,18),(94,18),(95,18),(96,18),(97,18),(1,19),(2,19),(3,19),(4,19),(5,19),(6,19),(7,19),(8,19),(9,19),(10,19),(11,19),(12,19),(13,19),(14,19),(15,19),(16,19),(17,19),(18,19),(19,19),(20,19),(21,19),(22,19),(23,19),(24,19),(25,19),(26,19),(27,19),(28,19),(29,19),(30,19),(31,19),(32,19),(33,19),(34,19),(35,19),(36,19),(37,19),(38,19),(39,19),(40,19),(41,19),(42,19),(43,19),(44,19),(45,19),(46,19),(47,19),(48,19),(49,19),(50,19),(51,19),(52,19),(53,19),(54,19),(55,19),(56,19),(57,19),(58,19),(59,19),(60,19),(61,19),(62,19),(63,19),(64,19),(65,19),(66,19),(67,19),(68,19),(69,19),(70,19),(71,19),(72,19),(73,19),(74,19),(75,19),(76,19),(77,19),(78,19),(79,19),(80,19),(81,19),(82,19),(83,19),(84,19),(85,19),(86,19),(87,19),(88,19),(89,19),(90,19),(91,19),(92,19),(93,19),(94,19),(95,19),(96,19),(97,19),(1,20),(2,20),(3,20),(4,20),(5,20),(6,20),(7,20),(8,20),(9,20),(10,20),(11,20),(12,20),(13,20),(14,20),(15,20),(16,20),(17,20),(18,20),(19,20),(20,20),(21,20),(22,20),(23,20),(24,20),(25,20),(26,20),(27,20),(28,20),(29,20),(30,20),(31,20),(32,20),(33,20),(34,20),(35,20),(36,20),(37,20),(38,20),(39,20),(40,20),(41,20),(42,20),(43,20),(44,20),(45,20),(46,20),(47,20),(48,20),(49,20),(50,20),(51,20),(52,20),(53,20),(54,20),(55,20),(56,20),(57,20),(58,20),(59,20),(60,20),(61,20),(62,20),(63,20),(64,20),(65,20),(66,20),(67,20),(68,20),(69,20),(70,20),(71,20),(72,20),(73,20),(74,20),(75,20),(76,20),(77,20),(78,20),(79,20),(80,20),(81,20),(82,20),(83,20),(84,20),(85,20),(86,20),(87,20),(88,20),(89,20),(90,20),(91,20),(92,20),(93,20),(94,20),(95,20),(96,20),(97,20),(1,21),(2,21),(3,21),(4,21),(5,21),(6,21),(7,21),(8,21),(9,21),(10,21),(11,21),(12,21),(13,21),(14,21),(15,21),(16,21),(17,21),(18,21),(19,21),(20,21),(21,21),(22,21),(23,21),(24,21),(25,21),(26,21),(27,21),(28,21),(29,21),(30,21),(31,21),(32,21),(33,21),(34,21),(35,21),(36,21),(37,21),(38,21),(39,21),(40,21),(41,21),(42,21),(43,21),(44,21),(45,21),(46,21),(47,21),(48,21),(49,21),(50,21),(51,21),(52,21),(53,21),(54,21),(55,21),(56,21),(57,21),(58,21),(59,21),(60,21),(61,21),(62,21),(63,21),(64,21),(65,21),(66,21),(67,21),(68,21),(69,21),(70,21),(71,21),(72,21),(73,21),(74,21),(75,21),(76,21),(77,21),(78,21),(79,21),(80,21),(81,21),(82,21),(83,21),(84,21),(85,21),(86,21),(87,21),(88,21),(89,21),(90,21),(91,21),(92,21),(93,21),(94,21),(95,21),(96,21),(97,21),(1,22),(2,22),(3,22),(4,22),(5,22),(6,22),(7,22),(8,22),(9,22),(10,22),(11,22),(12,22),(13,22),(14,22),(15,22),(16,22),(17,22),(18,22),(19,22),(20,22),(21,22),(22,22),(23,22),(24,22),(25,22),(26,22),(27,22),(28,22),(29,22),(30,22),(31,22),(32,22),(33,22),(34,22),(35,22),(36,22),(37,22),(38,22),(39,22),(40,22),(41,22),(42,22),(43,22),(44,22),(45,22),(46,22),(47,22),(48,22),(49,22),(50,22),(51,22),(52,22),(53,22),(54,22),(55,22),(56,22),(57,22),(58,22),(59,22),(60,22),(61,22),(62,22),(63,22),(64,22),(65,22),(66,22),(67,22),(68,22),(69,22),(70,22),(71,22),(72,22),(73,22),(74,22),(75,22),(76,22),(77,22),(78,22),(79,22),(80,22),(81,22),(82,22),(83,22),(84,22),(85,22),(86,22),(87,22),(88,22),(89,22),(90,22),(91,22),(92,22),(93,22),(94,22),(95,22),(96,22),(97,22),(1,23),(2,23),(3,23),(4,23),(5,23),(6,23),(7,23),(8,23),(9,23),(10,23),(11,23),(12,23),(13,23),(14,23),(15,23),(16,23),(17,23),(18,23),(19,23),(20,23),(21,23),(22,23),(23,23),(24,23),(25,23),(26,23),(27,23),(28,23),(29,23),(30,23),(31,23),(32,23),(33,23),(34,23),(35,23),(36,23),(37,23),(38,23),(39,23),(40,23),(41,23),(42,23),(43,23),(44,23),(45,23),(46,23),(47,23),(48,23),(49,23),(50,23),(51,23),(52,23),(53,23),(54,23),(55,23),(56,23),(57,23),(58,23),(59,23),(60,23),(61,23),(62,23),(63,23),(64,23),(65,23),(66,23),(67,23),(68,23),(69,23),(70,23),(71,23),(72,23),(73,23),(74,23),(75,23),(76,23),(77,23),(78,23),(79,23),(80,23),(81,23),(82,23),(83,23),(84,23),(85,23),(86,23),(87,23),(88,23),(89,23),(90,23),(91,23),(92,23),(93,23),(94,23),(95,23),(96,23),(97,23),(1,24),(2,24),(3,24),(4,24),(5,24),(6,24),(7,24),(8,24),(9,24),(10,24),(11,24),(12,24),(13,24),(14,24),(15,24),(16,24),(17,24),(18,24),(19,24),(20,24),(21,24),(22,24),(23,24),(24,24),(25,24),(26,24),(27,24),(28,24),(29,24),(30,24),(31,24),(32,24),(33,24),(34,24),(35,24),(36,24),(37,24),(38,24),(39,24),(40,24),(41,24),(42,24),(43,24),(44,24),(45,24),(46,24),(47,24),(48,24),(49,24),(50,24),(51,24),(52,24),(53,24),(54,24),(55,24),(56,24),(57,24),(58,24),(59,24),(60,24),(61,24),(62,24),(63,24),(64,24),(65,24),(66,24),(67,24),(68,24),(69,24),(70,24),(71,24),(72,24),(73,24),(74,24),(75,24),(76,24),(77,24),(78,24),(79,24),(80,24),(81,24),(82,24),(83,24),(84,24),(85,24),(86,24),(87,24),(88,24),(89,24),(90,24),(91,24),(92,24),(93,24),(94,24),(95,24),(96,24),(97,24),(1,25),(2,25),(3,25),(4,25),(5,25),(6,25),(7,25),(8,25),(9,25),(10,25),(11,25),(12,25),(13,25),(14,25),(15,25),(16,25),(17,25),(18,25),(19,25),(20,25),(21,25),(22,25),(23,25),(24,25),(25,25),(26,25),(27,25),(28,25),(29,25),(30,25),(31,25),(32,25),(33,25),(34,25),(35,25),(36,25),(37,25),(38,25),(39,25),(40,25),(41,25),(42,25),(43,25),(44,25),(45,25),(46,25),(47,25),(48,25),(49,25),(50,25),(51,25),(52,25),(53,25),(54,25),(55,25),(56,25),(57,25),(58,25),(59,25),(60,25),(61,25),(62,25),(63,25),(64,25),(65,25),(66,25),(67,25),(68,25),(69,25),(70,25),(71,25),(72,25),(73,25),(74,25),(75,25),(76,25),(77,25),(78,25),(79,25),(80,25),(81,25),(82,25),(83,25),(84,25),(85,25),(86,25),(87,25),(88,25),(89,25),(90,25),(91,25),(92,25),(93,25),(94,25),(95,25),(96,25),(97,25),(1,26),(2,26),(3,26),(4,26),(5,26),(6,26),(7,26),(8,26),(9,26),(10,26),(11,26),(12,26),(13,26),(14,26),(15,26),(16,26),(17,26),(18,26),(19,26),(20,26),(21,26),(22,26),(23,26),(24,26),(25,26),(26,26),(27,26),(28,26),(29,26),(30,26),(31,26),(32,26),(33,26),(34,26),(35,26),(36,26),(37,26),(38,26),(39,26),(40,26),(41,26),(42,26),(43,26),(44,26),(45,26),(46,26),(47,26),(48,26),(49,26),(50,26),(51,26),(52,26),(53,26),(54,26),(55,26),(56,26),(57,26),(58,26),(59,26),(60,26),(61,26),(62,26),(63,26),(64,26),(65,26),(66,26),(67,26),(68,26),(69,26),(70,26),(71,26),(72,26),(73,26),(74,26),(75,26),(76,26),(77,26),(78,26),(79,26),(80,26),(81,26),(82,26),(83,26),(84,26),(85,26),(86,26),(87,26),(88,26),(89,26),(90,26),(91,26),(92,26),(93,26),(94,26),(95,26),(96,26),(97,26),(1,27),(2,27),(3,27),(4,27),(5,27),(6,27),(7,27),(8,27),(9,27),(10,27),(11,27),(12,27),(13,27),(14,27),(15,27),(16,27),(17,27),(18,27),(19,27),(20,27),(21,27),(22,27),(23,27),(24,27),(25,27),(26,27),(27,27),(28,27),(29,27),(30,27),(31,27),(32,27),(33,27),(34,27),(35,27),(36,27),(37,27),(38,27),(39,27),(40,27),(41,27),(42,27),(43,27),(44,27),(45,27),(46,27),(47,27),(48,27),(49,27),(50,27),(51,27),(52,27),(53,27),(54,27),(55,27),(56,27),(57,27),(58,27),(59,27),(60,27),(61,27),(62,27),(63,27),(64,27),(65,27),(66,27),(67,27),(68,27),(69,27),(70,27),(71,27),(72,27),(73,27),(74,27),(75,27),(76,27),(77,27),(78,27),(79,27),(80,27),(81,27),(82,27),(83,27),(84,27),(85,27),(86,27),(87,27),(88,27),(89,27),(90,27),(91,27),(92,27),(93,27),(94,27),(95,27),(96,27),(97,27),(1,28),(2,28),(3,28),(4,28),(5,28),(6,28),(7,28),(8,28),(9,28),(10,28),(11,28),(12,28),(13,28),(14,28),(15,28),(16,28),(17,28),(18,28),(19,28),(20,28),(21,28),(22,28),(23,28),(24,28),(25,28),(26,28),(27,28),(28,28),(29,28),(30,28),(31,28),(32,28),(33,28),(34,28),(35,28),(36,28),(37,28),(38,28),(39,28),(40,28),(41,28),(42,28),(43,28),(44,28),(45,28),(46,28),(47,28),(48,28),(49,28),(50,28),(51,28),(52,28),(53,28),(54,28),(55,28),(56,28),(57,28),(58,28),(59,28),(60,28),(61,28),(62,28),(63,28),(64,28),(65,28),(66,28),(67,28),(68,28),(69,28),(70,28),(71,28),(72,28),(73,28),(74,28),(75,28),(76,28),(77,28),(78,28),(79,28),(80,28),(81,28),(82,28),(83,28),(84,28),(85,28),(86,28),(87,28),(88,28),(89,28),(90,28),(91,28),(92,28),(93,28),(94,28),(95,28),(96,28),(97,28),(1,29),(2,29),(3,29),(4,29),(5,29),(6,29),(7,29),(8,29),(9,29),(10,29),(11,29),(12,29),(13,29),(14,29),(15,29),(16,29),(17,29),(18,29),(19,29),(20,29),(21,29),(22,29),(23,29),(24,29),(25,29),(26,29),(27,29),(28,29),(29,29),(30,29),(31,29),(32,29),(33,29),(34,29),(35,29),(36,29),(37,29),(38,29),(39,29),(40,29),(41,29),(42,29),(43,29),(44,29),(45,29),(46,29),(47,29),(48,29),(49,29),(50,29),(51,29),(52,29),(53,29),(54,29),(55,29),(56,29),(57,29),(58,29),(59,29),(60,29),(61,29),(62,29),(63,29),(64,29),(65,29),(66,29),(67,29),(68,29),(69,29),(70,29),(71,29),(72,29),(73,29),(74,29),(75,29),(76,29),(77,29),(78,29),(79,29),(80,29),(81,29),(82,29),(83,29),(84,29),(85,29),(86,29),(87,29),(88,29),(89,29),(90,29),(91,29),(92,29),(93,29),(94,29),(95,29),(96,29),(97,29),(1,30),(2,30),(3,30),(4,30),(5,30),(6,30),(7,30),(8,30),(9,30),(10,30),(11,30),(12,30),(13,30),(14,30),(15,30),(16,30),(17,30),(18,30),(19,30),(20,30),(21,30),(22,30),(23,30),(24,30),(25,30),(26,30),(27,30),(28,30),(29,30),(30,30),(31,30),(32,30),(33,30),(34,30),(35,30),(36,30),(37,30),(38,30),(39,30),(40,30),(41,30),(42,30),(43,30),(44,30),(45,30),(46,30),(47,30),(48,30),(49,30),(50,30),(51,30),(52,30),(53,30),(54,30),(55,30),(56,30),(57,30),(58,30),(59,30),(60,30),(61,30),(62,30),(63,30),(64,30),(65,30),(66,30),(67,30),(68,30),(69,30),(70,30),(71,30),(72,30),(73,30),(74,30),(75,30),(76,30),(77,30),(78,30),(79,30),(80,30),(81,30),(82,30),(83,30),(84,30),(85,30),(86,30),(87,30),(88,30),(89,30),(90,30),(91,30),(92,30),(93,30),(94,30),(95,30),(96,30),(97,30),(1,31),(2,31),(3,31),(4,31),(5,31),(6,31),(7,31),(8,31),(9,31),(10,31),(11,31),(12,31),(13,31),(14,31),(15,31),(16,31),(17,31),(18,31),(19,31),(20,31),(21,31),(22,31),(23,31),(24,31),(25,31),(26,31),(27,31),(28,31),(29,31),(30,31),(31,31),(32,31),(33,31),(34,31),(35,31),(36,31),(37,31),(38,31),(39,31),(40,31),(41,31),(42,31),(43,31),(44,31),(45,31),(46,31),(47,31),(48,31),(49,31),(50,31),(51,31),(52,31),(53,31),(54,31),(55,31),(56,31),(57,31),(58,31),(59,31),(60,31),(61,31),(62,31),(63,31),(64,31),(65,31),(66,31),(67,31),(68,31),(69,31),(70,31),(71,31),(72,31),(73,31),(74,31),(75,31),(76,31),(77,31),(78,31),(79,31),(80,31),(81,31),(82,31),(83,31),(84,31),(85,31),(86,31),(87,31),(88,31),(89,31),(90,31),(91,31),(92,31),(93,31),(94,31),(95,31),(96,31),(97,31),(1,32),(2,32),(3,32),(4,32),(5,32),(6,32),(7,32),(8,32),(9,32),(10,32),(11,32),(12,32),(13,32),(14,32),(15,32),(16,32),(17,32),(18,32),(19,32),(20,32),(21,32),(22,32),(23,32),(24,32),(25,32),(26,32),(27,32),(28,32),(29,32),(30,32),(31,32),(32,32),(33,32),(34,32),(35,32),(36,32),(37,32),(38,32),(39,32),(40,32),(41,32),(42,32),(43,32),(44,32),(45,32),(46,32),(47,32),(48,32),(49,32),(50,32),(51,32),(52,32),(53,32),(54,32),(55,32),(56,32),(57,32),(58,32),(59,32),(60,32),(61,32),(62,32),(63,32),(64,32),(65,32),(66,32),(67,32),(68,32),(69,32),(70,32),(71,32),(72,32),(73,32),(74,32),(75,32),(76,32),(77,32),(78,32),(79,32),(80,32),(81,32),(82,32),(83,32),(84,32),(85,32),(86,32),(87,32),(88,32),(89,32),(90,32),(91,32),(92,32),(93,32),(94,32),(95,32),(96,32),(97,32),(1,33),(2,33),(3,33),(4,33),(5,33),(6,33),(7,33),(8,33),(9,33),(10,33),(11,33),(12,33),(13,33),(14,33),(15,33),(16,33),(17,33),(18,33),(19,33),(20,33),(21,33),(22,33),(23,33),(24,33),(25,33),(26,33),(27,33),(28,33),(29,33),(30,33),(31,33),(32,33),(33,33),(34,33),(35,33),(36,33),(37,33),(38,33),(39,33),(40,33),(41,33),(42,33),(43,33),(44,33),(45,33),(46,33),(47,33),(48,33),(49,33),(50,33),(51,33),(52,33),(53,33),(54,33),(55,33),(56,33),(57,33),(58,33),(59,33),(60,33),(61,33),(62,33),(63,33),(64,33),(65,33),(66,33),(67,33),(68,33),(69,33),(70,33),(71,33),(72,33),(73,33),(74,33),(75,33),(76,33),(77,33),(78,33),(79,33),(80,33),(81,33),(82,33),(83,33),(84,33),(85,33),(86,33),(87,33),(88,33),(89,33),(90,33),(91,33),(92,33),(93,33),(94,33),(95,33),(96,33),(97,33),(1,34),(2,34),(3,34),(4,34),(5,34),(6,34),(7,34),(8,34),(9,34),(10,34),(11,34),(12,34),(13,34),(14,34),(15,34),(16,34),(17,34),(18,34),(19,34),(20,34),(21,34),(22,34),(23,34),(24,34),(25,34),(26,34),(27,34),(28,34),(29,34),(30,34),(31,34),(32,34),(33,34),(34,34),(35,34),(36,34),(37,34),(38,34),(39,34),(40,34),(41,34),(42,34),(43,34),(44,34),(45,34),(46,34),(47,34),(48,34),(49,34),(50,34),(51,34),(52,34),(53,34),(54,34),(55,34),(56,34),(57,34),(58,34),(59,34),(60,34),(61,34),(62,34),(63,34),(64,34),(65,34),(66,34),(67,34),(68,34),(69,34),(70,34),(71,34),(72,34),(73,34),(74,34),(75,34),(76,34),(77,34),(78,34),(79,34),(80,34),(81,34),(82,34),(83,34),(84,34),(85,34),(86,34),(87,34),(88,34),(89,34),(90,34),(91,34),(92,34),(93,34),(94,34),(95,34),(96,34),(97,34),(1,35),(2,35),(3,35),(4,35),(5,35),(6,35),(7,35),(8,35),(9,35),(10,35),(11,35),(12,35),(13,35),(14,35),(15,35),(16,35),(17,35),(18,35),(19,35),(20,35),(21,35),(22,35),(23,35),(24,35),(25,35),(26,35),(27,35),(28,35),(29,35),(30,35),(31,35),(32,35),(33,35),(34,35),(35,35),(36,35),(37,35),(38,35),(39,35),(40,35),(41,35),(42,35),(43,35),(44,35),(45,35),(46,35),(47,35),(48,35),(49,35),(50,35),(51,35),(52,35),(53,35),(54,35),(55,35),(56,35),(57,35),(58,35),(59,35),(60,35),(61,35),(62,35),(63,35),(64,35),(65,35),(66,35),(67,35),(68,35),(69,35),(70,35),(71,35),(72,35),(73,35),(74,35),(75,35),(76,35),(77,35),(78,35),(79,35),(80,35),(81,35),(82,35),(83,35),(84,35),(85,35),(86,35),(87,35),(88,35),(89,35),(90,35),(91,35),(92,35),(93,35),(94,35),(95,35),(96,35),(97,35),(1,36),(2,36),(3,36),(4,36),(5,36),(6,36),(7,36),(8,36),(9,36),(10,36),(11,36),(12,36),(13,36),(14,36),(15,36),(16,36),(17,36),(18,36),(19,36),(20,36),(21,36),(22,36),(23,36),(24,36),(25,36),(26,36),(27,36),(28,36),(29,36),(30,36),(31,36),(32,36),(33,36),(34,36),(35,36),(36,36),(37,36),(38,36),(39,36),(40,36),(41,36),(42,36),(43,36),(44,36),(45,36),(46,36),(47,36),(48,36),(49,36),(50,36),(51,36),(52,36),(53,36),(54,36),(55,36),(56,36),(57,36),(58,36),(59,36),(60,36),(61,36),(62,36),(63,36),(64,36),(65,36),(66,36),(67,36),(68,36),(69,36),(70,36),(71,36),(72,36),(73,36),(74,36),(75,36),(76,36),(77,36),(78,36),(79,36),(80,36),(81,36),(82,36),(83,36),(84,36),(85,36),(86,36),(87,36),(88,36),(89,36),(90,36),(91,36),(92,36),(93,36),(94,36),(95,36),(96,36),(97,36),(1,37),(2,37),(3,37),(4,37),(5,37),(6,37),(7,37),(8,37),(9,37),(10,37),(11,37),(12,37),(13,37),(14,37),(15,37),(16,37),(17,37),(18,37),(19,37),(20,37),(21,37),(22,37),(23,37),(24,37),(25,37),(26,37),(27,37),(28,37),(29,37),(30,37),(31,37),(32,37),(33,37),(34,37),(35,37),(36,37),(37,37),(38,37),(39,37),(40,37),(41,37),(42,37),(43,37),(44,37),(45,37),(46,37),(47,37),(48,37),(49,37),(50,37),(51,37),(52,37),(53,37),(54,37),(55,37),(56,37),(57,37),(58,37),(59,37),(60,37),(61,37),(62,37),(63,37),(64,37),(65,37),(66,37),(67,37),(68,37),(69,37),(70,37),(71,37),(72,37),(73,37),(74,37),(75,37),(76,37),(77,37),(78,37),(79,37),(80,37),(81,37),(82,37),(83,37),(84,37),(85,37),(86,37),(87,37),(88,37),(89,37),(90,37),(91,37),(92,37),(93,37),(94,37),(95,37),(96,37),(97,37),(1,38),(2,38),(3,38),(4,38),(5,38),(6,38),(7,38),(8,38),(9,38),(10,38),(11,38),(12,38),(13,38),(14,38),(15,38),(16,38),(17,38),(18,38),(19,38),(20,38),(21,38),(22,38),(23,38),(24,38),(25,38),(26,38),(27,38),(28,38),(29,38),(30,38),(31,38),(32,38),(33,38),(34,38),(35,38),(36,38),(37,38),(38,38),(39,38),(40,38),(41,38),(42,38),(43,38),(44,38),(45,38),(46,38),(47,38),(48,38),(49,38),(50,38),(51,38),(52,38),(53,38),(54,38),(55,38),(56,38),(57,38),(58,38),(59,38),(60,38),(61,38),(62,38),(63,38),(64,38),(65,38),(66,38),(67,38),(68,38),(69,38),(70,38),(71,38),(72,38),(73,38),(74,38),(75,38),(76,38),(77,38),(78,38),(79,38),(80,38),(81,38),(82,38),(83,38),(84,38),(85,38),(86,38),(87,38),(88,38),(89,38),(90,38),(91,38),(92,38),(93,38),(94,38),(95,38),(96,38),(97,38),(1,39),(2,39),(3,39),(4,39),(5,39),(6,39),(7,39),(8,39),(9,39),(10,39),(11,39),(12,39),(13,39),(14,39),(15,39),(16,39),(17,39),(18,39),(19,39),(20,39),(21,39),(22,39),(23,39),(24,39),(25,39),(26,39),(27,39),(28,39),(29,39),(30,39),(31,39),(32,39),(33,39),(34,39),(35,39),(36,39),(37,39),(38,39),(39,39),(40,39),(41,39),(42,39),(43,39),(44,39),(45,39),(46,39),(47,39),(48,39),(49,39),(50,39),(51,39),(52,39),(53,39),(54,39),(55,39),(56,39),(57,39),(58,39),(59,39),(60,39),(61,39),(62,39),(63,39),(64,39),(65,39),(66,39),(67,39),(68,39),(69,39),(70,39),(71,39),(72,39),(73,39),(74,39),(75,39),(76,39),(77,39),(78,39),(79,39),(80,39),(81,39),(82,39),(83,39),(84,39),(85,39),(86,39),(87,39),(88,39),(89,39),(90,39),(91,39),(92,39),(93,39),(94,39),(95,39),(96,39),(97,39),(1,40),(2,40),(3,40),(4,40),(5,40),(6,40),(7,40),(8,40),(9,40),(10,40),(11,40),(12,40),(13,40),(14,40),(15,40),(16,40),(17,40),(18,40),(19,40),(20,40),(21,40),(22,40),(23,40),(24,40),(25,40),(26,40),(27,40),(28,40),(29,40),(30,40),(31,40),(32,40),(33,40),(34,40),(35,40),(36,40),(37,40),(38,40),(39,40),(40,40),(41,40),(42,40),(43,40),(44,40),(45,40),(46,40),(47,40),(48,40),(49,40),(50,40),(51,40),(52,40),(53,40),(54,40),(55,40),(56,40),(57,40),(58,40),(59,40),(60,40),(61,40),(62,40),(63,40),(64,40),(65,40),(66,40),(67,40),(68,40),(69,40),(70,40),(71,40),(72,40),(73,40),(74,40),(75,40),(76,40),(77,40),(78,40),(79,40),(80,40),(81,40),(82,40),(83,40),(84,40),(85,40),(86,40),(87,40),(88,40),(89,40),(90,40),(91,40),(92,40),(93,40),(94,40),(95,40),(96,40),(97,40);
/*!40000 ALTER TABLE `calcs` ENABLE KEYS */;
UNLOCK TABLES;

--
-- Table structure for table `calculated_params`
--

DROP TABLE IF EXISTS `calculated_params`;
/*!40101 SET @saved_cs_client     = @@character_set_client */;
/*!40101 SET character_set_client = utf8 */;
CREATE TABLE `calculated_params` (
  `brand_id` double DEFAULT NULL,
  `year` double DEFAULT NULL,
  `total_cut_through` double DEFAULT NULL,
  `tv_cut_trough` double DEFAULT NULL,
  `conviction_growth_factor` double DEFAULT NULL,
  `decay` double DEFAULT NULL,
  `conviction_gain` double DEFAULT NULL,
  `fair_share` double DEFAULT NULL,
  `conviction_lost` double DEFAULT NULL,
  `ceiling` double DEFAULT NULL,
  `competitor_hit` double DEFAULT NULL,
  `estimated_conviction.x` double DEFAULT NULL,
  `brand_value_share_change` double DEFAULT NULL,
  `estimated_conviction.y` double DEFAULT NULL
) ENGINE=InnoDB DEFAULT CHARSET=utf8;
/*!40101 SET character_set_client = @saved_cs_client */;

--
-- Dumping data for table `calculated_params`
--

LOCK TABLES `calculated_params` WRITE;
/*!40000 ALTER TABLE `calculated_params` DISABLE KEYS */;
INSERT INTO `calculated_params` VALUES (1,2015,85.1390558884728,71.1544760331414,2.40998348795,-7.637,11.8584386405423,34.7566337477604,-0.245198466370629,0.18,0.6,60.9362236621216,0.0763952450451142,60.9362236621216),(2,2015,3.84181168601323,3.51591388359594,0.23804422297714,-0.75433866662,0.582158807901709,34.7566337477604,-1.14405483321261,0.108,0.5,4.30994286404624,-0.013414177279298,4.30994286404624),(3,2015,0.000216901443848526,0,0.4937528223589,-1.564654,0.0000508965224196278,34.7566337477604,-1.08435695840725,0.162,0.6,9.02089276047407,NULL,NULL),(4,2015,0.000194426766484816,0,0.6958556722943,-2.205098,0.0000456227858934622,34.7566337477604,-0.961015881759985,0.162,0.6,13.2804874133202,NULL,NULL),(5,2015,0.0000393480570030309,0,0.22251665447806,-0.70513333338,0.00000615542922219601,34.7566337477604,-0.167094589638803,0.108,0.5,4.38696155388848,NULL,NULL),(6,2015,0,0,0.0646005167380402,-0.20471266662,0,34.7566337477604,-0.149614361438037,0.108,0.5,1.17250682168,NULL,NULL),(7,2015,0.0691444890724,0.0240810601640287,0.118354757880297,-0.37505455554,0.0018026018297631,34.7566337477604,-0.475279689787164,0.108,0.5,1.9487842253829,NULL,NULL),(8,2015,83.8212284220375,71.306978430578,1.6522840159473,-7.296702,8.88137491157674,16.2094595187275,-0.595476693057764,0.162,0.6,54.7607802344663,0.00955337571311585,54.7607802344663),(9,2015,0,0,0.164490908319234,-0.72641333338,0,16.2094595187275,-0.554567365703388,0.162,0.6,4.07217687623585,-0.0122696877223721,4.07217687623585),(10,2015,6.75278354033279,5.2329267121023,0.00792549025,-0.035,0.837351074060536,16.2094595187275,-0.0000868523592510849,0.108,0.5,1.06018971195128,0.0000366205749801981,1.06018971195128),(11,2015,6.80635866721925,6.11442100103404,1.5074409263344,-6.657056,1.40604133843735,16.2094595187275,-2.52479202537325,0.18,0.6,41.2820342393985,NULL,NULL),(12,2015,5.91233252917951,5.31128198630196,0.6328155243054,-2.794596,1.10729429719598,16.2094595187275,-1.26755077527907,0.162,0.6,17.6393630462223,NULL,NULL),(13,2015,4.23313228332183,3.80279003778576,0.2549725319308,-1.125992,0.803817868656458,16.2094595187275,-0.514205777096295,0.162,0.6,7.46139262349096,NULL,NULL),(14,2015,0.0314333529111209,0.0282378232722776,0.11761427531,-0.5194,0.00618020549481239,16.2094595187275,-0.453606163769994,0.162,0.6,2.86078831703482,NULL,NULL),(15,2015,5.15177922961677,1.74791216556089,0.0114222165483,-0.050442,0.221957868914464,16.2094595187275,-0.568918643538396,0.108,0.5,-0.0256805580756322,NULL,NULL),(16,2015,76.1855771894121,57.0991368345999,0.889007265,-5.61204,10.9456140223939,21.1123034131695,-0.608698200533367,0.198,0.6,45.6998830868605,0.0162802795780106,45.6998830868605),(17,2015,1.55060589050569,1.11507650240169,0.8072282881875,-5.0957935,0.431477590168573,21.1123034131695,-2.29175104870837,0.22,0.6,30.2496863296477,NULL,NULL),(18,2015,1.04773470777833,0.753450222618019,0.4006869913125,-2.5294185,0.263489940251543,21.1123034131695,-0.774442145138961,0.198,0.6,15.4275912864251,NULL,NULL),(19,2015,1.25874724278294,0.905194209234193,0.193500378334777,-1.22151067374,0.316002127848623,21.1123034131695,-0.763474570857779,0.198,0.6,7.24959350258562,NULL,NULL),(20,2015,36.3111162134046,26.1121621641332,0.8072282881875,-5.0957935,6.91085444498763,21.1123034131695,-0.379764011586809,0.198,0.6,38.6410502215883,NULL,NULL),(21,2015,7.5915934588026,1.99028731991353,0.12099378675,-0.763798,0.159228546367076,21.1123034131695,-0.687278126428931,0.132,0.5,4.28484620668815,NULL,NULL),(22,2015,129.594513106939,83.4185156872889,-0.498372591559903,-6.6570793338,12.8364794602645,31.7547405506423,-0.808745222420796,0.2,0.6,52.4228489824838,0.00772833388644883,52.4228489824838),(23,2015,61.5997087465913,54.8971172184319,-0.124735600704697,-1.6661726662,5.58750463501413,31.7547405506423,-0.214619218503006,0.12,0.6,15.4832104796064,0.00412649552495304,15.4832104796064),(24,2015,79.4222427169976,67.6112261313663,-0.103079621995,-1.3769,6.38891855046557,31.7547405506423,-0.176124193627585,0.12,0.6,14.567814734843,0.00558534986256401,14.567814734843),(25,2015,0,0,-0.0694104391124603,-0.92715933338,0,31.7547405506423,-0.0997560440198811,0.12,0.6,5.52624085048766,-0.000866747706801061,5.52624085048766),(26,2015,0,0,-0.00262022425,-0.035,0,31.7547405506423,-0.00267065624263445,0.12,0.6,0.209709119507366,-0.0000225904520381323,0.209709119507366),(27,2015,10.2448091512745,0,-0.00262022425,-0.035,1.36653740546792,31.7547405506423,-0.00082230310930275,0.12,0.6,1.57809487810862,0.000239588316010795,1.57809487810862),(28,2015,3.72100724781705,3.46962928423625,-0.0351780826908,-0.469896,0.178125247950799,31.7547405506423,-0.0260015995193904,0.12,0.6,3.00344956574061,-0.000432966834103466,3.00344956574061),(29,2015,0,0,-0.303004479121103,-4.0474233338,0,31.7547405506423,-0.964255077561392,0.2,0.6,23.5954837795175,NULL,NULL),(30,2015,0.218971907957636,0.169950395841988,-0.0411539408004603,-0.54971933338,0.0528581939094515,31.7547405506423,-0.305699855494305,0.2,0.6,3.08285173123469,NULL,NULL),(31,2015,3.1935109466686,0,-0.0033133609014397,-0.04425866662,0.75210440428086,31.7547405506423,-0.146813973322381,0.2,0.6,0.873851736437039,NULL,NULL),(32,2015,9.871645121362,2.82438887117597,-0.0247729975089397,-0.33090866662,0.687521154228882,31.7547405506423,-6.7822060906075,0.12,0.6,-4.08673326750755,NULL,NULL),(33,2015,0,0,-0.00813996252617378,-0.10873065098,0,31.7547405506423,-0.348105335289504,0.12,0.6,0.311671558204323,NULL,NULL),(34,2015,69.3708938154739,57.7684556644706,6.86121543789122,-1.3950897611,3.14291136401137,12.6200960785497,-0.148769174527517,0.288,0.6,18.4251947312751,0.0224137946679754,18.4251947312751),(35,2015,0,0,7.15677706907051,-1.455186257,0,12.6200960785497,-0.0586829356513648,0.192,0.5,16.0370954264191,0.00504883964453384,16.0370954264191),(36,2015,23.3731746313729,18.0345549057826,5.84488755512086,-1.18843998658,0.915495099882219,12.6200960785497,-0.0524578952754302,0.192,0.5,14.0083418201476,0.00583231716445612,14.0083418201476),(37,2015,91.3956419446428,84.0884581698869,12.075088082077,-2.4552255938,4.10108939686808,12.6200960785497,-0.953284072011472,0.32,0.6,30.3049934831336,NULL,NULL),(38,2015,1.43464961933124,1.31994777799852,12.6346637951439,-2.5690040278,0.0963354934596305,12.6200960785497,-0.533709779235695,0.288,0.6,27.9783142515678,NULL,NULL),(39,2015,0.689456510492374,0.63433369150806,10.3940089987342,-2.1134120714,0.0465120614544183,12.6200960785497,-0.274782751732237,0.288,0.6,23.1481267470564,NULL,NULL),(40,2015,39.5323484944726,36.3716930261105,7.49477578754911,-1.5239114786,2.11342543033398,12.6200960785497,-0.219608392355729,0.288,0.6,18.7497633369274,NULL,NULL),(41,2015,16.9417624823754,5.91271813188202,1.86309053536837,-0.3788218798,0.363058100521229,12.6200960785497,-1.75157208372656,0.192,0.5,2.80162524236304,NULL,NULL),(42,2015,397.709025922618,349.847855742797,0.3871608002185,-6.6250415,18.9446028933044,78.3929208074105,-10.3287112722955,0.32,0.6,49.6997359212274,0.0175551978898469,49.6997359212274),(43,2015,6.40589728223243,4.84770286203984,0.11454044,-1.96,1.32119823325496,78.3929208074105,-3.45831557565396,0.288,0.6,10.017423097601,-0.0213038225372099,10.017423097601),(44,2015,25.9381669869467,19.4610929083026,0.030424395302,-0.520618,4.75438831219795,78.3929208074105,-1.9274278536027,0.288,0.6,6.05546685389724,0.0274935516173599,6.05546685389724),(45,2015,5.05327563450075,3.77971558531532,0.23317161,-3.99,1.05096597500346,78.3929208074105,-1.39874994337834,0.288,0.6,24.3953876416251,-0.00434294674697466,24.3953876416251),(46,2015,0,0,0.128477966183,-2.198497,0,78.3929208074105,-1.6652560935505,0.192,0.5,11.9682748726325,-0.0101055262735124,11.9682748726325),(47,2015,19.635382154412,17.4480794819079,0.070225970983,-1.201697,3.73672891795946,78.3929208074105,-3.13319138157727,0.288,0.6,8.05561650736519,NULL,NULL),(48,2015,26.5762766590093,23.6157862288092,0.1982566158405,-3.3925395,4.85301948061129,78.3929208074105,-2.68702670352031,0.288,0.6,23.2041348929315,NULL,NULL),(49,2015,135.772103111001,120.647636388082,0.061531820806601,-1.05292391736,14.0237128162554,78.3929208074105,-2.1650180240452,0.288,0.6,18.3881878196568,NULL,NULL),(50,2015,25.7953228901415,22.9218275717408,0.12436637346,-2.12814,4.73220124857547,78.3929208074105,-1.85989585938449,0.288,0.6,16.069531762651,NULL,NULL),(51,2015,0,0,0.0649438158705,-1.1113095,0,78.3929208074105,-1.00743112544189,0.288,0.6,5.8841281904286,NULL,NULL),(52,2015,45.4254378935796,40.3652266421286,0.178840579505,-3.060295,7.43836586666289,78.3929208074105,-0.901059895893051,0.288,0.6,25.5151015502748,NULL,NULL),(53,2015,10.4796330670479,9.31224405296312,0.054474615118,-0.932162,2.10800209208046,78.3929208074105,-0.953508466335001,0.288,0.6,6.93510624086346,NULL,NULL),(54,2015,0.133040333630441,0.118220175050776,0.07194775924,-1.23116,0.0285287037794299,78.3929208074105,-0.759847963377966,0.288,0.6,6.90346849964146,NULL,NULL),(55,2015,60.9971206457871,20.431109935059,0.00820668616560618,-0.14043166662,2.5688329689965,78.3929208074105,-1.85758359721672,0.192,0.5,1.58210772432538,NULL,NULL),(56,2015,0,0,0.002045365,-0.035,0,78.3929208074105,-0.0587801095222877,0.192,0.5,0.158265255477712,NULL,NULL),(57,2015,289.093719899633,231.189826575031,2.71297079674852,-5.5519065,11.5283605767681,42.3983530517104,-5.58797119818337,0.26,0.6,42.7579286753332,0.0315872058539129,42.7579286753332),(58,2015,106.546442011725,90.4429509197579,1.21663714371097,-2.4897635,5.96340706109697,42.3983530517104,-2.88618048106249,0.208,0.6,19.5881252237455,0.0137458445249271,19.5881252237455),(59,2015,46.7760588299207,28.8364226842412,0.689808996529312,-1.41164625,3.27122421329973,42.3983530517104,-1.46199910856786,0.208,0.6,11.1705753512612,0.00675362752265045,11.1705753512612),(60,2015,22.4654054874275,19.0179000427857,0.491440433853937,-1.00569875,1.7301371111782,42.3983530517104,-0.979383542389687,0.208,0.6,7.42005775264245,0.00132374306257313,7.42005775264245),(61,2015,102.005033237645,85.7700439454325,0.994549355174812,-2.03527625,5.802559394037,42.3983530517104,-3.44959586750622,0.208,0.6,15.8499241317056,NULL,NULL),(62,2015,18.306732157525,15.3930563209572,0.3693895087005,-0.75593,1.4338030111411,42.3983530517104,-1.42722359994009,0.208,0.6,5.01953891990151,NULL,NULL),(63,2015,27.3163867130347,22.9687458985382,0.26599533628185,-0.544341,2.06307309852444,42.3983530517104,-0.491319920147929,0.208,0.6,5.18155751465836,NULL,NULL),(64,2015,58.3437496848788,18.3167598197276,0.282079613000259,-0.57725635632,0.278997955314644,42.3983530517104,-0.187079372866061,0.156,0.5,3.92000152712884,NULL,NULL),(65,2015,0,0,0.01710294975,-0.035,0,42.3983530517104,-0.0340212652565769,0.156,0.5,0.198081684493423,NULL,NULL),(66,2015,116.553448911249,87.9244941461976,0.42915505120875,-3.8052875,7.73575530916719,56.2072451750567,-3.36578083358488,0.26,0.6,28.1744670267911,0.00432417530920386,28.1744670267911),(67,2015,166.553120645361,130.767057926893,0.2548361357406,-2.259614,7.47343224967939,56.2072451750567,-2.23852698512128,0.208,0.6,19.3702274002987,0.0155213700550393,19.3702274002987),(68,2015,66.2900523601544,57.2503363366146,0.42234920017245,-3.7449405,4.22707459970693,56.2072451750567,-1.72309213684156,0.208,0.6,25.9309661630378,-0.00169886901831039,25.9309661630378),(69,2015,45.8127939334243,36.3130739563467,0.0750222514593,-0.665217,3.16052517199519,56.2072451750567,-1.36316246810021,0.208,0.6,5.95871795535428,0.010910202862744,5.95871795535428),(70,2015,2.38646785373651,0,0.0039472515,-0.035,0.147077008609023,56.2072451750567,-0.277453330858254,0.156,0.5,0.0885709292507687,-0.00639173369044574,0.0885709292507687),(71,2015,74.1586953880195,64.1853282202709,0.27992999770155,-2.4821195,4.59087770275153,56.2072451750567,-2.81779510522798,0.208,0.6,17.3003180952251,NULL,NULL),(72,2015,120.728464514282,104.49207715742,0.2643979577742,-2.344398,6.31753107701496,56.2072451750567,-2.52852759580102,0.208,0.6,18.4547034389881,NULL,NULL),(73,2015,6.00147184696731,5.19435297892988,0.06528161893275,-0.5788475,0.485827668554165,56.2072451750567,-1.391521869875,0.208,0.6,2.71536491761192,NULL,NULL),(74,2015,71.3953629399656,61.7936275676093,0.11757638570535,-1.0425415,4.46582498985421,56.2072451750567,-1.11908923707083,0.208,0.6,9.86849563848874,NULL,NULL),(75,2015,46.1938893889079,39.9814200706252,0.0636197585848274,-0.56411190178,3.18208183557301,56.2072451750567,-0.980953485525585,0.208,0.6,5.73000693385225,NULL,NULL),(76,2015,23.2931854760254,20.1605590180847,0.04625270890155,-0.4101195,1.75711141817423,56.2072451750567,-0.976292437565597,0.208,0.6,3.34637718951018,NULL,NULL),(77,2015,55.1392008849365,47.7237050636527,0.0649291293738,-0.575722,3.66890015590666,56.2072451750567,-0.632087105120248,0.208,0.6,6.63832018016021,NULL,NULL),(78,2015,151.578198286529,49.2244932085879,0.08029854253935,-0.7120015,3.49749074412485,56.2072451750567,-4.56497197313628,0.156,0.5,3.38654081352792,NULL,NULL),(79,2015,52.7097925695018,41.4965676103334,0.24327370748715,-2.769207,8.99910411322301,71.5508486714785,-3.28166330664628,0.198,0.6,22.9715575140639,0.0143085206240909,22.9715575140639),(80,2015,9.24246306145841,2.77333799007251,0.0053795576682,-0.061236,1.46511117733339,71.5508486714785,-0.00363064359519385,0.132,0.5,1.84302409140639,0.000332947164184387,1.84302409140639),(81,2015,242.236864615843,181.200630421585,0.68078154703755,-7.749399,16.8024046028455,71.5508486714785,-11.3640741592826,0.22,0.6,53.7225629906005,NULL,NULL),(82,2015,10.3070127710071,7.70996278717384,0.13171491511135,-1.499323,2.42973416617936,71.5508486714785,-6.37781244976239,0.198,0.6,5.39376363152831,NULL,NULL),(83,2015,127.348245477509,95.26040720599,0.3713874920881,-4.227538,13.5506111171585,71.5508486714785,-3.43560725159266,0.198,0.6,36.4555533576539,NULL,NULL),(84,2015,27.5065885215224,20.575774825815,0.06690317518425,-0.761565,5.66080233877661,71.5508486714785,-1.96196129400878,0.198,0.6,8.44392921995208,NULL,NULL),(85,2015,1.51044807073816,0.414231582194202,0.00307473575,-0.035,0.0643847551951596,71.5508486714785,-0.616211693504164,0.132,0.5,-0.333752202559005,NULL,NULL),(86,2015,55.3743395030943,43.3727069982135,0.1172869618727,-4.0669405,6.51290585173315,37.3458923497652,-2.0379976321529,0.198,0.6,29.574829681453,0.00204710411500128,29.574829681453),(87,2015,40.1528244120037,33.3789660439054,0.1464577259727,-5.0784405,5.27278178705332,37.3458923497652,-1.65346891014142,0.198,0.6,34.9619051028846,-0.00315892900748263,34.9619051028846),(88,2015,21.0375994662198,18.5786592688694,0.0134000800333,-0.4646495,3.19630738481519,37.3458923497652,-0.531424350210168,0.198,0.6,5.53255861463833,0.0173420149584071,5.53255861463833),(89,2015,0,0,0.0117766109337,-0.4083555,0,37.3458923497652,-0.149969489104136,0.132,0.5,2.37027662182956,-0.00150490228943242,2.37027662182956),(90,2015,72.8960648891252,62.076598854926,0.00661013001674021,-0.22920710918,5.06698936773002,37.3458923497652,-0.13605680696118,0.132,0.5,6.34552921860558,0.0242761397442051,6.34552921860558),(91,2015,32.9917710207449,26.0056622677584,0.1000006093156,-3.467534,5.07910248180448,37.3458923497652,-2.75750416493888,0.22,0.6,23.7221649261812,NULL,NULL),(92,2015,2.3780656029318,1.87450291412156,0.0324153807505,-1.1240075,0.419965230573048,37.3458923497652,-2.33846734440231,0.198,0.6,5.01853076692124,NULL,NULL),(93,2015,9.45070158362196,0,0.0667716771511,-2.3153165,1.57498805355622,37.3458923497652,-1.60284033519344,0.198,0.6,14.2615778955139,NULL,NULL),(94,2015,54.4171106755088,42.8941205043123,0.0212857753458,-0.738087,6.44384380382485,37.3458923497652,-0.988687130652018,0.198,0.6,10.0104054485186,NULL,NULL),(95,2015,0.00435184214926066,0,0.045085485123,-1.563345,0.000783835574258011,37.3458923497652,-0.913296572301098,0.198,0.6,8.73597774839616,NULL,NULL),(96,2015,0.0514953578308988,0.0405910577903097,0.0216355008103617,-0.7502137755,0.00927148524046472,37.3458923497652,-0.761845423194276,0.198,0.6,3.87751761235655,NULL,NULL),(97,2015,21.6258519298679,6.29895626256641,0.016429171168075,-0.569683625,0.620825909974531,37.3458923497652,-1.37289493213652,0.132,0.5,2.76384527400609,NULL,NULL),(1,2014,56.4489609401129,51.5962775713481,2.2752364735,-7.21,8.27889665525038,23.7364892570677,-0.000762617727885825,0.18,0.6,54.8433705110225,0.0422749907598752,54.8433705110225),(2,2014,0,0,0.119888394897575,-0.3799145,0,23.7364892570677,-0.839019429999973,0.108,0.5,1.6146294648976,-0.0286314525492433,1.6146294648976),(3,2014,0.000216901443848526,0,0.32632855242105,-1.034103,0.0000441789857920622,23.7364892570677,-0.750759260005449,0.162,0.6,5.92796047140139,NULL,NULL),(4,2014,0.000194426766484816,0,0.5229377003083,-1.657138,0.0000396012991450331,23.7364892570677,-0.650399466518914,0.162,0.6,10.0521398350885,NULL,NULL),(5,2014,0.0000393480570030309,0,0.13964871322155,-0.442533,0.00000534300984081715,23.7364892570677,-0.11718872984748,0.108,0.5,2.74088232638391,NULL,NULL),(6,2014,0,0,0.05130768696115,-0.162589,0,23.7364892570677,-0.140573945705433,0.108,0.5,0.909494741255717,NULL,NULL),(7,2014,0.0691444890724,0.0240810601640287,0.0786853227550505,-0.24934602784,0.00156468687524981,23.7364892570677,-0.312537554735367,0.108,0.5,1.29940948305493,NULL,NULL),(8,2014,74.896763740751,67.2827230412512,1.30175701826835,-5.748729,7.35863034211013,12.6510327742882,-0.414932907334749,0.162,0.6,43.5590754530437,0.012214282366778,43.5590754530437),(9,2014,0,0,0.146249864132275,-0.6458585,0,12.6510327742882,-0.439079834753161,0.162,0.6,3.67458652937911,-0.011770052517354,3.67458652937911),(10,2014,0,0,0.00792549025,-0.035,0,12.6510327742882,-0.0000664179220650131,0.108,0.5,0.222859072327935,-0.00000113991896222673,0.222859072327935),(11,2014,6.80635866721925,6.11442100103404,1.41245313313913,-6.2375775,1.22977943298071,12.6510327742882,-1.84127912766029,0.18,0.6,39.1175009384595,NULL,NULL),(12,2014,3.82865695636973,3.43943386535437,0.59616013189915,-2.632721,0.637997333599931,12.6510327742882,-1.07210779110217,0.162,0.6,16.3344786743969,NULL,NULL),(13,2014,4.22704820255423,3.79732446756882,0.1951604421121,-0.861854,0.702075653375806,12.6510327742882,-0.39238241016937,0.162,0.6,5.79909968531854,NULL,NULL),(14,2014,0.0314333529111209,0.0282378232722776,0.135074922879775,-0.5965085,0.00540545245814854,12.6510327742882,-0.350452060063785,0.162,0.6,3.45429481527414,NULL,NULL),(15,2014,4.90963519042237,1.66575676000843,0.00911087941895899,-0.04023483338,0.185132394084011,12.6510327742882,-0.433638386388154,0.108,0.5,0.0077617207348154,NULL,NULL),(16,2014,69.6862645505914,50.1130020312068,0.7891868919375,-4.9819035,9.42611067921823,17.9723005496326,-0.60182853360968,0.198,0.6,40.216590537546,0.0187610968702383,40.216590537546),(17,2014,1.55060589050569,1.11507650240169,0.721894991534925,-4.5571096298,0.388961261771474,17.9723005496326,-1.87651326608637,0.22,0.6,27.22801642742,NULL,NULL),(18,2014,0.436702340409775,0.314042737304422,0.3468311503125,-2.1894425,0.0995068948341659,17.9723005496326,-0.725572086294331,0.198,0.6,13.1701984588523,NULL,NULL),(19,2014,0.505790402941523,0.363725558450217,0.195949710934957,-1.23697258622,0.11518303786004,17.9723005496326,-0.728276088768811,0.198,0.6,7.18140254680619,NULL,NULL),(20,2014,33.248351760849,23.9096575210467,0.7170384945,-4.526452,5.83754133832604,17.9723005496326,-0.344247076541845,0.198,0.6,34.0156807562842,NULL,NULL),(21,2014,3.19827744935393,0.838492088328785,0.108235001695312,-0.6832555625,0.0607485615361753,17.9723005496326,-0.550041043002775,0.132,0.5,3.81608383272871,NULL,NULL),(22,2014,96.4319636596202,76.5793807490925,-0.4668443065328,-6.235936,11.5575211953971,19.786379380652,-0.324486804376936,0.2,0.6,49.0726540844874,0.00752987251190175,49.0726540844874),(23,2014,12.586622247376,9.02450161691811,-0.0887305752720397,-1.18523066662,1.64123518930103,19.786379380652,-0.131878308548729,0.12,0.6,8.70132897186027,0.000337184608417853,8.70132897186027),(24,2014,18.1847223185284,15.4967674101351,-0.107855417429603,-1.4406933338,2.26763419331226,19.786379380652,-0.113988594889424,0.12,0.6,10.8957635171932,0.000638566550549417,10.8957635171932),(25,2014,4.07664027245848,0,-0.0484102151533,-0.646646,0.569705177655301,19.786379380652,-0.0669702052749337,0.12,0.6,4.42657875722707,-0.000241888983753806,4.42657875722707),(26,2014,0,0,-0.0156101498172378,-0.20851468862,0,19.786379380652,-0.0164679938228952,0.12,0.6,1.24879780073987,-0.000224076947499381,1.24879780073987),(28,2014,0,0,-0.0265832813378137,-0.35508977784,0,19.786379380652,-0.0115576159665506,0.12,0.6,2.14312488085564,-0.000452802886361551,2.14312488085564),(29,2014,0,0,-0.250278230583203,-3.3431253338,0,19.786379380652,-0.639619703676734,0.2,0.6,19.6464434019401,NULL,NULL),(30,2014,0.171455325937995,0.1330714098633,-0.0180495020834397,-0.24109866662,0.0412474833664205,19.786379380652,-0.133455804941639,0.2,0.6,1.37077684272134,NULL,NULL),(31,2014,0,0,-0.004150435212,-0.05544,0,19.786379380652,-0.0696883523601417,0.2,0.6,0.266721212427858,NULL,NULL),(32,2014,7.43680228222045,2.12775290691786,-0.0252184356314397,-0.33685866662,0.521178498883904,19.786379380652,-4.14075279385646,0.12,0.6,-1.57551806422399,NULL,NULL),(33,2014,0,0,-0.00466305882940206,-0.06228743934,0,19.786379380652,-0.14637885111744,0.12,0.6,0.231580931713158,NULL,NULL),(34,2014,32.7965304321573,30.3940136348615,3.3588677280736,-0.68295800048,1.0097676546377,6.3779250885431,-0.0709231644400573,0.288,0.6,8.49302564979124,0.0163861051596452,8.49302564979124),(35,2014,0,0,5.56179984974773,-1.13087981188,0,6.3779250885431,-0.0376091286237054,0.192,0.5,12.471023851244,0.00641427205606776,12.471023851244),(36,2014,30.4542278191307,19.2632413664749,2.72562456237413,-0.55420077594,0.633709021777571,6.3779250885431,-0.0202852018682392,0.192,0.5,6.74342457734346,0.00497258375881933,6.74342457734346),(37,2014,91.3956419446428,84.0884581698869,7.31665701080997,-1.4876946182,2.27168428826486,6.3779250885431,-0.455663177689895,0.32,0.6,18.2713736331849,NULL,NULL),(38,2014,1.43464961933124,1.31994777799852,7.58549952689863,-1.542358321,0.0533623644150776,6.3779250885431,-0.268176848839126,0.288,0.6,16.8451718714746,NULL,NULL),(39,2014,0.689456510492374,0.63433369150806,6.03535378384706,-1.22716745228,0.025764061447064,6.3779250885431,-0.135622242396716,0.288,0.6,13.4638099526174,NULL,NULL),(40,2014,39.5323484944726,36.3716930261105,3.10047457689805,-0.63041896526,1.17067317483388,6.3779250885431,-0.0810432889144542,0.288,0.6,8.06267810655747,NULL,NULL),(41,2014,16.9417624823754,5.91271813188202,1.1204661038741,-0.2278241812,0.201105926467053,6.3779250885431,-0.891140821836912,0.192,0.5,1.82992260730424,NULL,NULL),(42,2014,361.199457539508,343.923523183572,0.3798797098915,-6.5004485,17.5239165264485,70.6018553615482,-9.10774223742595,0.32,0.6,48.727380498914,0.0171437989240753,48.727380498914),(43,2014,2.37409275594909,1.90430971938914,0.1135592784095,-1.9432105,0.46626433644288,70.6018553615482,-2.59682895747227,0.288,0.6,9.91985915738011,-0.0176145151995512,9.91985915738011),(44,2014,11.9073052527696,8.62929477227425,0.027482751359,-0.470281,2.20524320722187,70.6018553615482,-1.86574854920342,0.288,0.6,3.25584640937744,-0.00140030233603857,3.25584640937744),(45,2014,16.9729752830797,8.73958860812664,0.231463593840062,-3.9607726662,3.0483473235999,70.6018553615482,-1.48287277064931,0.288,0.6,26.1273988105907,-0.00280299982774004,26.1273988105907),(46,2014,5.81418076215334,4.91909807641135,0.12548723348,-2.14732,0.745201733322619,70.6018553615482,-1.56154548247365,0.192,0.5,12.499823484329,-0.00827683901786416,12.499823484329),(47,2014,19.635382154412,17.4480794819079,0.0393882074145,-0.6740055,3.47051948815501,70.6018553615482,-2.52788950291713,0.288,0.6,5.12233769265238,NULL,NULL),(48,2014,26.5762766590093,23.6157862288092,0.178375054431,-3.052329,4.50728405876835,70.6018553615482,-2.29388957567506,0.288,0.6,21.1417905375243,NULL,NULL),(49,2014,134.799869166522,119.783705398358,0.0507532959543974,-0.8684833066,12.9889252521615,70.6018553615482,-1.62744734741824,0.288,0.6,16.7472000840976,NULL,NULL),(50,2014,25.7953228901415,22.9218275717408,0.104715597374062,-1.7918786662,4.3950730747739,70.6018553615482,-1.76228611533853,0.288,0.6,13.7447572206094,NULL,NULL),(51,2014,0,0,0.0805659046675,-1.3786325,0,70.6018553615482,-1.42491440555629,0.288,0.6,7.12439399911121,NULL,NULL),(52,2014,32.6815687451752,29.0409733090488,0.146081877280062,-2.4997326662,5.34776629246859,70.6018553615482,-0.729239791906877,0.288,0.6,20.1201090416418,NULL,NULL),(53,2014,10.4796330670479,9.31224405296312,0.046794678616,-0.800744,1.95782528041445,70.6018553615482,-0.885855620778388,0.288,0.6,6.03762033825206,NULL,NULL),(54,2014,0.0182624287030625,0.0162280675281949,0.0589174206106062,-1.00818666662,0.00363975071048594,70.6018553615482,-0.657283777689001,0.288,0.6,5.59842006001209,NULL,NULL),(55,2014,60.9971206457871,20.431109935059,0.00851664986730824,-0.14573572216,2.38582596609278,70.6018553615482,-1.81565230140143,0.192,0.5,1.47392403639865,NULL,NULL),(56,2014,0,0,0.002045365,-0.035,0,70.6018553615482,-0.0460815485870611,0.192,0.5,0.170963816412939,NULL,NULL),(57,2014,160.810122844583,135.411736612392,2.31804230833384,-4.74371275,7.70113680835819,26.8620828418191,-3.41368629339423,0.26,0.6,35.7454425732978,0.0228652446583621,35.7454425732978),(58,2014,37.2480257832645,32.7605316118545,1.14099678299914,-2.33497075,2.22713326010257,26.8620828418191,-2.01280409259573,0.208,0.6,15.698717700506,-0.00811624137390127,15.698717700506),(59,2014,34.9643053121362,27.8020963554245,0.55508991649605,-1.135953,2.10956763965626,26.8620828418191,-1.06222209008284,0.208,0.6,8.58043246606947,0.00413931955336283,8.58043246606947),(60,2014,22.8944385200128,19.1099146709719,0.4178113800327,-0.855022,1.44964951769992,26.8620828418191,-0.56793200312231,0.208,0.6,6.55180689461031,0.00271700128458519,6.55180689461031),(61,2014,87.4529214362192,73.5340274559392,0.658893704561212,-1.34838025,4.31911737924655,26.8620828418191,-1.98736296505505,0.208,0.6,11.2735553687527,NULL,NULL),(62,2014,18.306732157525,15.3930563209572,0.249450797841187,-0.51048375,1.18088652481068,26.8620828418191,-0.955769794801515,0.208,0.6,3.61039627785035,NULL,NULL),(63,2014,10.290738980532,8.65287826077062,0.224519827990612,-0.45946425,0.685900833376516,26.8620828418191,-0.313635586847804,0.208,0.6,3.41920832451932,NULL,NULL),(64,2014,58.3437496848788,18.3167598197276,0.250490507569383,-0.51261144382,0.229783954504731,26.8620828418191,-0.10249333169425,0.156,0.5,3.52667999955986,NULL,NULL),(65,2014,0,0,0.01710294975,-0.035,0,26.8620828418191,-0.0246639586028731,0.156,0.5,0.207438991147127,NULL,NULL),(66,2014,58.1036208384386,49.3375292525492,0.34040899573425,-3.0183825,4.06000438545443,42.3881281808792,-2.80622714564968,0.26,0.6,20.135678735539,-0.00818336067399666,20.135678735539),(67,2014,156.232412912967,129.94918722373,0.1765810853028,-1.565732,6.16071422799381,42.3881281808792,-1.61360490187437,0.208,0.6,14.3417584114222,0.021255913729976,14.3417584114222),(68,2014,51.3497054832236,45.9325735171059,0.43643141462385,-3.8698065,2.94609757973269,42.3881281808792,-1.38350865237735,0.208,0.6,25.7706888419792,-0.00397523917693494,25.7706888419792),(69,2014,81.9694702157873,77.2523041952757,0.0708697428813,-0.628397,4.18846888188842,42.3881281808792,-0.986174595598067,0.208,0.6,7.13331702917165,0.0254789751301468,7.13331702917165),(70,2014,2.24410447949304,0,0.0039472515,-0.035,0.117590145574649,42.3881281808792,-0.232225446558206,0.156,0.5,0.104311950516442,-0.00640323394797329,0.104311950516442),(71,2014,65.7783807235717,56.9320554312565,0.2035289712933,-1.804677,3.57106705897857,42.3881281808792,-1.98387387595719,0.208,0.6,12.8765951543147,NULL,NULL),(72,2014,106.538850997422,92.210779648974,0.23709047717205,-2.1022645,4.97979672381178,42.3881281808792,-1.91221507589523,0.208,0.6,16.2185826250886,NULL,NULL),(73,2014,2.34201302548934,2.02704313972422,0.0286673087439,-0.254191,0.163560824431059,42.3881281808792,-1.09399939873631,0.208,0.6,0.659687734438646,NULL,NULL),(74,2014,53.9203484067074,46.668772180086,0.08821515014775,-0.7821975,3.06301484551013,42.3881281808792,-0.934642425284479,0.208,0.6,7.0215150703734,NULL,NULL),(75,2014,33.0926374714359,28.642113870327,0.0612889176737486,-0.5434445002,2.03959841688793,42.3881281808792,-0.715601393537509,0.208,0.6,4.72358787082417,NULL,NULL),(76,2014,16.9080144449264,14.6341093383907,0.0590421984867,-0.523523,1.11218448816035,42.3881281808792,-0.805070773776497,0.208,0.6,3.58208291287055,NULL,NULL),(77,2014,55.1392008849365,47.7237050636527,0.03922818013215,-0.3478335,3.11758111736051,42.3881281808792,-0.472382803836278,0.208,0.6,4.82111799365638,NULL,NULL),(78,2014,139.815904403052,45.4047291400765,0.072432065025,-0.64225,2.80240155107238,42.3881281808792,-3.33636523738384,0.156,0.5,3.48371837871354,NULL,NULL),(79,2014,40.0224989941261,34.1535000909824,0.18820764999325,-2.142385,6.44076542700627,56.7790549862317,-2.85959136898355,0.198,0.6,16.929746708016,0.0102049706432057,16.929746708016),(80,2014,0,0,0.0154511620909,-0.175882,0,56.7790549862317,-0.00015188397208817,0.132,0.5,1.09571727811881,-0.000000683847458460843,1.09571727811881),(81,2014,222.766216679821,166.635986487975,0.60114958079545,-6.842941,14.3427954645866,56.7790549862317,-8.34780123763962,0.22,0.6,48.6313528077424,NULL,NULL),(82,2014,10.1364597659854,7.58238389005083,0.14037952045485,-1.597953,2.05672019849659,56.7790549862317,-5.1966658879659,0.198,0.6,6.81643083098554,NULL,NULL),(83,2014,92.8818659843622,69.4784945214276,0.29436351670915,-3.350767,10.4176014978168,56.7790549862317,-2.53335274583215,0.198,0.6,28.7618952686938,NULL,NULL),(84,2014,27.5065885215224,20.575774825815,0.0600963251809,-0.684082,4.86565399365014,56.7790549862317,-1.55540644614337,0.198,0.6,7.57256187268767,NULL,NULL),(85,2014,0.800587906653443,0.219556568466821,0.00307473575,-0.035,0.0293759052677777,56.7790549862317,-0.499739093117852,0.132,0.5,-0.252288452100074,NULL,NULL),(86,2014,43.6987697529838,33.0990168999979,0.0903379198786,-3.132479,4.92408208318018,26.0917220264367,-1.62205484752885,0.198,0.6,22.6347361555299,0.00153802941383904,22.6347361555299),(87,2014,52.8879560154359,41.5553339694268,0.151993812127,-5.270405,5.576600913431,26.0917220264367,-0.96654121692317,0.198,0.6,37.1373985086348,-0.00108616100740805,37.1373985086348),(88,2014,22.6002196229538,19.5362096742201,0.0126809046208,-0.439712,2.98768473656641,26.0917220264367,-0.426716314895495,0.198,0.6,5.27473732629172,0.0210008308459947,5.27473732629172),(89,2014,0,0,0.00474863659466754,-0.16465958516,0,26.0917220264367,-0.0437790786085209,0.132,0.5,0.972449866826147,-0.000581171962575699,0.972449866826147),(90,2014,0.201324421742457,0,0.00653994753638898,-0.22677352264,0.0212582462553815,26.0917220264367,-0.108518814007879,0.132,0.5,1.31231673314389,-0.00158038095474229,1.31231673314389),(91,2014,27.5687060841071,21.7309479728015,0.0883650072312,-3.064068,3.89640146715041,26.0917220264367,-1.83925919123546,0.22,0.6,20.9676392831462,NULL,NULL),(92,2014,0.582420060246787,0.459090825261294,0.0248293670941,-0.8609615,0.0919561600451397,26.0917220264367,-1.64957055807472,0.198,0.6,3.75597846906452,NULL,NULL),(93,2014,0,0,0.0534328658161,-1.8527915,0,26.0917220264367,-1.17294588059258,0.198,0.6,10.2619204852235,NULL,NULL),(94,2014,53.7849012158882,42.3957833377796,0.0168338524344,-0.583716,5.6351012892778,26.0917220264367,-0.570213633893227,0.198,0.6,8.66740550781897,NULL,NULL),(95,2014,0.00435184214926066,0,0.0376421962432,-1.305248,0.000690411521758618,26.0917220264367,-0.578416794339647,0.198,0.6,7.47786781342531,NULL,NULL),(96,2014,0.0514953578308988,0.0405910577903097,0.0218385827402677,-0.75725566756,0.00816643240502475,26.0917220264367,-0.541285998581725,0.198,0.6,4.14043240300357,NULL,NULL),(97,2014,18.6030797370407,5.41851419276642,0.01606799370565,-0.55715975,0.473326982666131,26.0917220264367,-0.962374856383324,0.132,0.5,2.94957286998846,NULL,NULL),(1,2013,98.2454438633687,89.8219354203709,-0.90982626373625,-7.127225,11.9246084903906,36.5725486278716,-0.0572365464247379,0.18,0.6,54.7390706802296,0.0506115274312622,54.7390706802296),(2,2013,0,0,-0.14593231709385,-1.143177,0,36.5725486278716,-1.4968899117312,0.108,0.5,5.37955077117495,-0.0279293083298311,5.37955077117495),(3,2013,0.00219530503712966,0,-0.18461383972465,-1.446193,0.000487468084460607,36.5725486278716,-1.03924759034129,0.162,0.6,7.66038303801852,NULL,NULL),(4,2013,0.00193385737815986,0,-0.2835078239945,-2.22089,0.000429414495785784,36.5725486278716,-1.02097018159188,0.162,0.6,12.3385614089094,NULL,NULL),(5,2013,0.000403719107812563,0,-0.08669654424235,-0.679147,0.0000597648512106641,36.5725486278716,-0.167143403219722,0.108,0.5,3.91812281738914,NULL,NULL),(6,2013,0,0,-0.0131410661571,-0.102942,0,36.5725486278716,-0.195270400845673,0.108,0.5,0.423946532997227,NULL,NULL),(7,2013,4.15740454542272,1.44678848242445,-0.05293456639744,-0.4146688,0.122240333622983,36.5725486278716,-0.480012750925533,0.108,0.5,2.13654421630001,NULL,NULL),(8,2013,152.636903180504,144.617539928286,1.23208994038837,-5.1982175,8.44178247621369,14.1927639893441,-0.43795377821787,0.162,0.6,41.1678261383842,0.0219521529311882,41.1678261383842),(9,2013,0,0,0.1970474509314,-0.831348,0,14.1927639893441,-0.492069792432529,0.162,0.6,4.81182965849887,-0.0109606133966961,4.81182965849887),(10,2013,0,0,0.00829575675,-0.035,0,14.1927639893441,-0.00043146002527606,0.108,0.5,0.222864296724724,-0.00000659940303654714,0.222864296724724),(11,2013,11.8898288554632,11.2651512407326,1.3467895619409,-5.682138,1.82989643519329,14.1927639893441,-1.97077803089679,0.18,0.6,36.1104699662374,NULL,NULL),(12,2013,5.00223135343102,4.73942000533023,0.4971215640924,-2.097368,0.732823933403288,14.1927639893441,-1.25156779281583,0.162,0.6,12.8622097046799,NULL,NULL),(13,2013,0,0,0.0936624120102,-0.395164,0,14.1927639893441,-0.478987220505065,0.162,0.6,2.04211119150514,NULL,NULL),(14,2013,0.112572799284079,0.106658356898475,0.151867930095225,-0.6407345,0.0171727518947066,14.1927639893441,-0.396479905561203,0.162,0.6,3.70850127642873,NULL,NULL),(15,2013,4.30230636666904,1.55484170941735,0.012329983257525,-0.0520205,0.144252300966037,14.1927639893441,-0.464222850490883,0.108,0.5,0.0119139337326789,NULL,NULL),(16,2013,50.8643631141494,44.1064364341038,1.5624340705,-4.69,6.82760252710976,22.8282222082625,-1.80247619759713,0.198,0.6,35.3975604000126,0.0120152001382557,35.3975604000126),(17,2013,7.66149795638961,6.64357817368427,1.43565175471198,-4.309434143,1.59092452536659,22.8282222082625,-2.18946966153456,0.22,0.6,27.309344925544,NULL,NULL),(18,2013,2.58380209623653,2.24051371016299,0.4430783185,-1.33,0.5034461013183,22.8282222082625,-0.942047803240692,0.198,0.6,8.17447661657761,NULL,NULL),(19,2013,2.95772766899057,2.56475888883061,0.39855827545535,-1.196363,0.574525161332343,22.8282222082625,-0.877301740768558,0.198,0.6,7.44486869601914,NULL,NULL),(20,2013,109.207854748283,94.6983115221597,1.47612824403407,-4.4309335,10.009311059145,22.8282222082625,-0.33610788299071,0.198,0.6,38.3679229201884,NULL,NULL),(21,2013,15.5753127217477,5.06916777284039,0.171919440209945,-0.51605516662,0.3371666298911,22.8282222082625,-0.79977532171753,0.132,0.5,2.87936391476352,NULL,NULL),(22,2013,72.1293138254452,41.0503637060495,-0.307987534872,-5.6574945,9.1383695409866,14.9955824755132,-0.231702166024165,0.2,0.6,43.3518603400904,0.00550007253742822,43.3518603400904),(23,2013,8.76914385059638,6.51818840098786,-0.05660538756,-1.0397975,1.06590004695962,14.9955824755132,-0.0899383427655928,0.12,0.6,7.30668381663403,-0.000174650025452975,7.30668381663403),(24,2013,13.0383842836894,10.3036673372361,-0.1103632146,-2.0272875,1.53108704110935,14.9955824755132,-0.0965410886668968,0.12,0.6,13.7775202378424,-0.000581034777770545,13.7775202378424),(25,2013,3.52617538233704,0,-0.040973623584,-0.752654,0.44741873635299,14.9955824755132,-0.0433092831771935,0.12,0.6,4.9865818295918,-0.000359541116904203,4.9865818295918),(26,2013,0,0,-0.00652808663862048,-0.11991593838,0,14.9955824755132,-0.0073819113746188,0.12,0.6,0.722716480606761,-0.000128187492689669,0.722716480606761),(28,2013,0,0,-0.0230260215545405,-0.42297033338,0,14.9955824755132,0,0.12,0.6,2.57522031206546,0,2.57522031206546),(29,2013,0,0,-0.219445455672,-4.0310445,0,14.9955824755132,-0.516049043943387,0.2,0.6,24.0266360003846,NULL,NULL),(30,2013,0.138911028979767,0.0949014710399779,-0.035402160408,-0.6503105,0.030212888869385,14.9955824755132,-0.0871014874474768,0.2,0.6,3.90247374101391,NULL,NULL),(31,2013,0,0,-0.0021821393004672,-0.0400842232,0,14.9955824755132,-0.0392734035113205,0.2,0.6,0.204776113988212,NULL,NULL),(32,2013,8.75991017084435,2.16672005409375,-0.0228046187225405,-0.41890333338,0.372359934048306,14.9955824755132,-2.11544088849041,0.12,0.6,0.807377760455358,NULL,NULL),(33,2013,0,0,-0.002781444528,-0.051093,0,14.9955824755132,-0.0935895296112242,0.12,0.6,0.217486025860776,NULL,NULL),(42,2013,815.248218311805,719.274806557515,0.278378485,-5.95,14.0941859676754,49.3178784481998,-5.95555464180986,0.32,0.6,44.9670098108655,0.0212942234244288,44.9670098108655),(43,2013,0,0,0.07117957734195,-1.5213765,0,49.3178784481998,-1.46076455841729,0.288,0.6,7.95601351892466,-0.0132236814199389,7.95601351892466),(44,2013,34.3946626314547,30.0510489561271,0.02476307625715,-0.5292805,4.43282661859934,49.3178784481998,-1.32725429677307,0.288,0.6,6.38162989808342,0.0340827064708307,6.38162989808342),(45,2013,0,0,0.1115623066404,-2.384508,0,49.3178784481998,-1.81215106901782,0.288,0.6,12.9471032376226,-0.0146882603951256,12.9471032376226),(46,2013,53.7382775972508,43.5707431189541,0.10697086291045,-2.2863715,4.13687038228402,49.3178784481998,-1.11706418780691,0.192,0.5,17.1716305573876,0.00255685692090955,17.1716305573876),(47,2013,4.02471562705824,3.47372385286298,0.0294540812335,-0.629545,0.622393954732136,49.3178784481998,-1.81501117606951,0.288,0.6,2.70404185989612,NULL,NULL),(48,2013,33.709449732397,29.0945573433973,0.1042059095462,-2.227274,4.36183976585661,49.3178784481998,-1.3851536227567,0.288,0.6,16.7627180526461,NULL,NULL),(50,2013,15.3387341100474,13.2388301405881,0.0722827749028,-1.544956,2.21324154701833,49.3178784481998,-1.30409581615487,0.288,0.6,10.4718725057663,NULL,NULL),(51,2013,0,0,0.0632557793945,-1.352015,0,49.3178784481998,-1.24280429325122,0.288,0.6,7.12568648614327,NULL,NULL),(52,2013,75.2079828420203,64.9118566707259,0.0573138725082,-1.225014,7.73052862492051,49.3178784481998,-0.281694911129886,0.288,0.6,15.0312335862988,NULL,NULL),(53,2013,6.58947469603541,5.68736217673746,0.0130156679422,-0.278194,1.002989290484,49.3178784481998,-0.772850424585693,0.288,0.6,1.9520605338405,NULL,NULL),(54,2013,0,0,0.04279610701135,-0.9147145,0,49.3178784481998,-0.497280690522595,0.288,0.6,5.16447591648875,NULL,NULL),(55,2013,41.4049114926499,13.4021276364124,0.00456993762956669,-0.09767683338,1.34006008377909,49.3178784481998,-1.32385255160059,0.192,0.5,0.620792303428072,NULL,NULL),(57,2013,273.833209284571,216.698769515461,0.3852877363329,-3.9117855,8.16665053345878,37.9693706875835,-6.09400972822998,0.26,0.6,26.4874680415617,-0.0223362002779317,26.4874680415617),(58,2013,109.050544372352,94.7563530053186,0.2242215891404,-2.276498,4.34364722434278,37.9693706875835,-2.61668872687161,0.208,0.6,15.9353820866116,-0.00264689823500494,15.9353820866116),(59,2013,83.3443199010503,55.1933336574592,0.0928635235633,-0.9428335,3.64310220895121,37.9693706875835,-1.49097758476194,0.208,0.6,8.03667964775257,0.0141154254094029,8.03667964775257),(60,2013,44.8799030379333,37.8630256554477,0.06492442035085,-0.65917075,2.27030909409656,37.9693706875835,-0.659700044350475,0.208,0.6,5.72472522009693,0.00666189386008147,5.72472522009693),(61,2013,160.123034947669,126.336866866763,0.12331673756065,-1.25202175,5.36011091912292,37.9693706875835,-2.68621962862336,0.208,0.6,10.4881987780602,NULL,NULL),(62,2013,44.9987465824651,35.5039526824986,0.04514695568055,-0.45837225,2.27526419565081,37.9693706875835,-1.19041746628313,0.208,0.6,3.94570893504823,NULL,NULL),(63,2013,83.7425972053102,66.0728005665264,0.033593870285,-0.341075,3.65514007995455,37.9693706875835,-0.401453735510277,0.208,0.6,5.38245521472927,NULL,NULL),(64,2013,0.805481867878632,0.234870911172844,0.0530315783754525,-0.5384239875,0.0028169513683036,37.9693706875835,-0.169830195444822,0.156,0.5,3.19347997179893,NULL,NULL),(65,2013,0,0,0.003447293,-0.035,0,37.9693706875835,-0.0345054629691259,0.156,0.5,0.183941830030874,NULL,NULL),(66,2013,87.0028709028765,62.1671434114156,-0.6207949123693,-3.246187,5.75860184574559,57.3584835161128,-4.40014723358532,0.26,0.6,20.678522699791,-0.0156721925516883,20.678522699791),(67,2013,149.00171625252,119.430675284594,-0.1752355655719,-0.916321,6.35261638351728,57.3584835161128,-1.80905933615856,0.208,0.6,9.99715048178682,0.0314248560033435,9.99715048178682),(68,2013,107.271603550562,96.2252390564088,-0.7388198535411,-3.863349,5.27928647966607,57.3584835161128,-1.97318387555008,0.208,0.6,26.2992837505749,-0.00298636591197705,26.2992837505749),(69,2013,217.370969472174,208.560315603436,-0.1334530818043,-0.697837,7.47356348299423,57.3584835161128,-1.22857273622676,0.208,0.6,10.3982506649632,0.0448705709739575,10.3982506649632),(70,2013,15.5927891449767,0,-0.0066933365,-0.035,0.816420801044855,57.3584835161128,-0.231095552507177,0.156,0.5,0.793631912037678,0.0177773310753482,0.793631912037678),(71,2013,139.602569042655,118.403131283734,-0.3752605722052,-1.962268,6.14233918229469,57.3584835161128,-2.45673459479767,0.208,0.6,15.3642760152918,NULL,NULL),(72,2013,123.379433260248,104.643570202224,-0.39551126178595,-2.0681605,5.73830018889039,57.3584835161128,-2.47217591652446,0.208,0.6,15.57502751058,NULL,NULL),(73,2013,12.4396202154149,10.5505937002887,-0.07520164357845,-0.3932355,0.879692547394271,57.3584835161128,-1.44675378380935,0.208,0.6,1.77332662000647,NULL,NULL),(74,2013,91.9923805091608,78.0228184998609,-0.1763654007731,-0.922229,4.78308964350386,57.3584835161128,-1.30142497367473,0.208,0.6,8.97042026905603,NULL,NULL),(75,2013,42.3958666092594,35.9578150634895,-0.0895655136142091,-0.46834534264,2.65889742279741,57.3584835161128,-0.84210064040715,0.208,0.6,4.60420980213605,NULL,NULL),(76,2013,11.886459824641,10.0814338358328,-0.11859320544065,-0.6201335,0.842481530018552,57.3584835161128,-0.476889857008846,0.208,0.6,4.05638996756906,NULL,NULL),(77,2013,39.6481212974601,33.6273303803041,-0.076652089598,-0.40082,2.51356516818281,57.3584835161128,-0.673591550225316,0.208,0.6,4.22550152835949,NULL,NULL),(78,2013,135.243151247323,42.8898878319384,-0.154882802609525,-0.80989475,2.88636931043369,57.3584835161128,-4.96549386055352,0.156,0.5,2.74106039727064,NULL,NULL),(79,2013,35.6582970524537,27.5925917791779,-1.151965093125,-2.8875,6.33067954219396,64.4210468200558,-4.14378030803355,0.198,0.6,18.7724341410354,-0.0108409314812945,18.7724341410354),(80,2013,0,0,-0.04188963975,-0.105,0,64.4210468200558,-0.0000521810479242452,0.132,0.5,0.603058179202076,-0.000000317394332923517,0.603058179202076),(81,2013,235.606133945457,182.313357956054,-3.148704587875,-7.8925,15.3898120052933,64.4210468200558,-10.0776589940679,0.22,0.6,50.6459484233504,NULL,NULL),(82,2013,19.3359713674676,14.9622839198287,-0.677215842625,-1.6975,3.89254162787594,64.4210468200558,-5.71309715295975,0.198,0.6,7.92972863229119,NULL,NULL),(83,2013,143.532440300413,111.066213466467,-1.061204207,-2.66,12.8374731443634,64.4210468200558,-2.01956876058777,0.198,0.6,26.0967001767757,NULL,NULL),(84,2013,31.5525053696212,24.4155069714516,-0.188503378875,-0.4725,5.77833963996195,64.4210468200558,-1.8595923363669,0.198,0.6,6.63274392472006,NULL,NULL),(85,2013,2.2815910401043,0.65053900185998,-0.01396321325,-0.035,0.0891235814965225,64.4210468200558,-0.578546181540749,0.132,0.5,-0.288385813294226,NULL,NULL),(86,2013,10.8349157219233,7.78043752250247,-0.04147787448475,-2.6578475,1.39907652350182,21.2377358477294,-1.72109453737462,0.198,0.6,15.9632816116425,-0.0232928422792053,15.9632816116425),(87,2013,55.6680030537895,41.1819375295593,-0.07398452034305,-4.7408305,5.11967011174037,21.2377358477294,-0.756708006039388,0.198,0.6,33.4112220853579,-0.00107394050076041,33.4112220853579),(88,2013,30.5508867129218,27.0363295937351,-0.00645858328575,-0.4138575,3.37891147655227,21.2377358477294,-0.296307813894417,0.198,0.6,5.6184125793721,0.0250396030471355,5.6184125793721),(89,2013,0,0,-0.0005462035,-0.035,0,21.2377358477294,-0.000242110188664115,0.132,0.5,0.214211686311336,-0.00000326389420840617,0.214211686311336),(90,2013,0,0,-0.00318410382968385,-0.20403317452,0,21.2377358477294,-0.0808111671119309,0.132,0.5,1.16935137253839,-0.00150402754253131,1.16935137253839),(91,2013,43.8465586218238,34.2198440649295,-0.04459975520935,-2.8578935,4.87828191849009,21.2377358477294,-1.286847120135,0.22,0.6,21.1024665431457,NULL,NULL),(92,2013,5.81460224084902,4.53797945005443,-0.0106390610137,-0.681737,0.782141016645486,21.2377358477294,-1.19752981320916,0.198,0.6,3.76178514242263,NULL,NULL),(93,2013,22.4282159924983,17.5039975323364,-0.02357572705015,-1.5107015,2.64112356194291,21.2377358477294,-0.742138035224058,0.198,0.6,11.1554332996687,NULL,NULL),(94,2013,1.20502157579271,0.940453520518206,-0.0070406723557,-0.451157,0.168375876023373,21.2377358477294,-0.687773650606776,0.198,0.6,2.2449545530609,NULL,NULL),(95,2013,0.0140429960849156,0.0109597914029003,-0.02052638215035,-1.3153035,0.00198174521088913,21.2377358477294,-0.489891079525495,0.198,0.6,7.57128578353504,NULL,NULL),(96,2013,0.177093954336245,0.138212158324593,-0.0117595387661497,-0.7535357368,0.0249575433168894,21.2377358477294,-0.453003701503949,0.198,0.6,4.18905668624679,NULL,NULL),(97,2013,31.2578079301816,9.00055943077366,-0.007407584556825,-0.47466825,0.689400500800602,21.2377358477294,-0.77537392579122,0.132,0.5,2.82243824045256,NULL,NULL),(1,2012,97.6064198870929,85.6402885004676,1.873361088,-7.56,11.7237566523764,33.6711898066729,-0.369441287874671,0.18,0.6,59.6676764525017,0.0673405421671982,59.6676764525017),(2,2012,0,0,0.1061987585664,-0.428568,0,33.6711898066729,-1.60168932233072,0.108,0.5,1.13714143623568,-0.0597965868226422,1.13714143623568),(3,2012,0.0804453648315107,0.0700835202023051,0.329572784,-1.33,0.017596082791615,33.6711898066729,-1.2170589861914,0.162,0.6,7.30010988060022,NULL,NULL),(4,2012,0.0789114379661615,0.0687471723010715,0.4336484,-1.75,0.0172607824450154,33.6711898066729,-0.845526785322419,0.162,0.6,10.3553823971226,NULL,NULL),(5,2012,0.0130022254913816,0.004254959756547,0.132748448208,-0.53571,0.00189707918426114,33.6711898066729,-0.162066563575202,0.108,0.5,3.26336896381706,NULL,NULL),(6,2012,0,0,0.0528287826816,-0.213192,0,33.6711898066729,-0.294459521359851,0.108,0.5,1.06797726132175,NULL,NULL),(7,2012,11.462709115449,3.75115521720256,0.0616353143888,-0.248731,0.797617612188676,33.6711898066729,-1.09707974053507,0.108,0.5,1.29009218604241,NULL,NULL),(8,2012,133.515659900532,122.121782269348,-0.231913867710675,-6.0354595,9.40018074467571,21.3150302747472,-1.20474235329952,0.162,0.6,45.0384900236655,0.0096137446045611,45.0384900236655),(9,2012,0.143044354522735,0.103754992128042,-0.04009552737885,-1.043469,0.0250952960879137,21.3150302747472,-0.821361154151384,0.162,0.6,5.57351961455768,-0.0162185082520789,5.57351961455768),(10,2012,0,0,-0.00134488275,-0.035,0,21.3150302747472,-0.000626661890077569,0.108,0.5,0.213028455359922,-0.00000869570729934625,0.213028455359922),(11,2012,33.625149401573,30.7556669910661,-0.23684434236045,-6.163773,5.02384130049725,21.3150302747472,-2.30024971959662,0.18,0.6,40.3499242385402,NULL,NULL),(12,2012,12.2494307302261,11.2040963110588,-0.112150444963875,-2.9186675,1.94615262982228,21.3150302747472,-1.78772666852584,0.162,0.6,17.9752330163326,NULL,NULL),(13,2012,0,0,-0.01170451457325,-0.304605,0,21.3150302747472,-0.69903407421921,0.162,0.6,1.16040641120754,NULL,NULL),(14,2012,0.506274688268662,0.463070528919892,-0.02346847296405,-0.610757,0.0885511952861584,21.3150302747472,-0.572333184923582,0.162,0.6,3.24454253739853,NULL,NULL),(15,2012,2.22277377537086,0.770375979692702,-0.002502961286025,-0.0651385,0.0647699613803858,21.3150302747472,-0.529782505507766,0.108,0.5,-0.0673790054134052,NULL,NULL),(16,2012,63.3758549135664,39.7614596178332,1.3487367158757,-4.819458,8.41379702832335,28.5429636130416,-2.36800481254981,0.198,0.6,36.9997709316492,0.0166624566251287,36.9997709316492),(17,2012,8.56905833471856,5.37615259633892,0.998743006652129,-3.5688210432,1.90754821821,28.5429636130416,-2.56928173138213,0.22,0.6,22.25976733028,NULL,NULL),(18,2012,3.17953804209408,1.99481448631355,0.37730283442965,-1.348221,0.665788160806464,28.5429636130416,-1.34465624920912,0.198,0.6,7.98036374602699,NULL,NULL),(19,2012,3.2876424567836,2.06263825492463,0.418653679850325,-1.4959805,0.687810646761592,28.5429636130416,-1.23159919757833,0.198,0.6,9.06445962903359,NULL,NULL),(20,2012,237.1063087904,148.758433869818,1.2641707419982,-4.5172773338,12.6517598166032,28.5429636130416,-0.367398295617764,0.198,0.6,41.2975215991836,NULL,NULL),(21,2012,16.5357973998648,3.71616627006507,0.112085993194695,-0.4005183,0.461188219706385,28.5429636130416,-1.16529916131824,0.132,0.5,1.86830175158284,NULL,NULL),(22,2012,0.368826521265611,0.138378615361452,-0.20875356,-5.6,0.0799124304535821,1.2177039827773,-0.0494694877063462,0.2,0.6,34.2216893827472,-0.0105261191969756,34.2216893827472),(23,2012,0.0369131522646606,0.0275641109880715,-0.0367155761328,-0.984928,0.00481199468776365,1.2177039827773,-0.00728748425876542,0.12,0.6,6.0110809342962,-0.00145779240997473,6.0110809342962),(24,2012,0.0538467387636045,0.0247713693365035,-0.073063746,-1.96,0.00701846491832062,1.2177039827773,-0.00851410720393974,0.12,0.6,11.9654406117144,-0.0017034473458498,11.9654406117144),(25,2012,0.0150854948591761,0,-0.0244768767939,-0.656614,0.00196690125528502,1.2177039827773,-0.0045695173741498,0.12,0.6,4.00640650708724,-0.000913194300695673,4.00640650708724),(26,2012,0,0,-0.00138327684522692,-0.03710763224,0,1.2177039827773,-0.000187954070986456,0.12,0.6,0.226375652843787,-0.00003754025796211,0.226375652843787),(29,2012,1.63993310626095,0.979334154162454,-0.1529808713748,-4.103848,0.35158543606768,1.2177039827773,-0.0308929062324792,0.2,0.6,25.3770636584604,NULL,NULL),(30,2012,0.0339337674216092,0.0202645445039872,-0.0183577880664,-0.492464,0.00737285368392005,1.2177039827773,-0.00587554927708584,0.2,0.6,3.00827551634043,NULL,NULL),(31,2012,0,0,-0.00130470975,-0.035,0,1.2177039827773,-0.00237147314856127,0.2,0.6,0.211323817101439,NULL,NULL),(32,2012,3.10428151007093,0.660248865089252,-0.0174834585743396,-0.46900933338,0.133775903785356,1.2177039827773,-0.0788735254453421,0.12,0.6,2.91847625338567,NULL,NULL),(33,2012,0,0,-0.0013177568475,-0.03535,0,1.2177039827773,-0.0060773353028047,0.12,0.6,0.209754907849695,NULL,NULL),(42,2012,442.139835372494,411.648689323099,0.470560574049,-6.001772,15.6478482955932,59.9928770560525,-7.6311587519114,0.32,0.6,45.3552781177308,0.0206691127787627,45.3552781177308),(43,2012,0,0,0.165077030758125,-2.1054775,0,59.9928770560525,-1.82434421592584,0.288,0.6,11.2743803148323,-0.0126872881564664,11.2743803148323),(44,2012,13.5787895094817,11.5733627241037,0.036956520271875,-0.4713625,2.20731045169606,59.9928770560525,-1.63399250475043,0.288,0.6,3.50578696721751,0.00194811685891009,3.50578696721751),(45,2012,0,0,0.26618024625,-3.395,0,59.9928770560525,-2.31642994667189,0.288,0.6,18.8047502995781,-0.0144502142915577,18.8047502995781),(46,2012,26.4805214247978,22.4640528953584,0.215413910625,-2.7475,2.65630279243669,59.9928770560525,-1.46966543573528,0.192,0.5,18.2795512673264,-0.00352343008439816,18.2795512673264),(47,2012,13.1150214308008,9.94947571108425,0.046898215263,-0.598164,2.13793848890952,59.9928770560525,-2.19255932156823,0.288,0.6,3.66671338260429,NULL,NULL),(48,2012,61.6278682556286,46.7528765828205,0.129880867475625,-1.6565675,7.59491158268568,59.9928770560525,-1.41713159194025,0.288,0.6,16.4837183582211,NULL,NULL),(50,2012,45.7198479129628,34.6845423566123,0.16739170125,-2.135,6.15514600141124,59.9928770560525,-1.58787938608157,0.288,0.6,17.8496583165797,NULL,NULL),(51,2012,4.43146175293602,3.36184895374155,0.100353794613,-1.279964,0.761925742021905,59.9928770560525,-1.74334681885222,0.288,0.6,6.98156871778269,NULL,NULL),(52,2012,41.3774397714787,31.3902523274825,0.0170923905763479,-0.21800515562,5.70978634609488,59.9928770560525,-0.0590808732042802,0.288,0.6,7.00697239084694,NULL,NULL),(53,2012,19.6589736190617,14.9139276332663,0.06311490375,-0.805,3.08056580894936,59.9928770560525,-0.906807598182197,0.288,0.6,7.18187311451717,NULL,NULL),(54,2012,0,0,0.097416481875,-1.2425,0,59.9928770560525,-0.65385077641007,0.288,0.6,7.07606570546493,NULL,NULL),(55,2012,108.445696602276,30.2244987605546,0.0107375830708412,-0.13695266662,3.42694636705891,59.9928770560525,-1.63806357048041,0.192,0.5,2.64090104602934,NULL,NULL),(57,2012,442.692814278495,361.196988906406,1.05572245184226,-4.52042675,9.28160845700481,42.9451749035461,-6.79147461808851,0.26,0.6,31.3141920407586,-0.0126833658254128,31.3141920407586),(58,2012,112.206966125412,79.2522730000851,0.511233736570337,-2.18901725,4.62601750094998,42.9451749035461,-2.76102299491982,0.208,0.6,15.8230484926005,0.00146241193941836,15.8230484926005),(59,2012,176.009405799813,105.128450908154,0.271077917811288,-1.16071025,5.85889712626243,42.9451749035461,-1.78827370992755,0.208,0.6,11.4717785841462,0.0312728728084182,11.4717785841462),(60,2012,75.3057186032236,46.6903833429649,0.064654443456425,-0.2768395,3.54965095697661,42.9451749035461,-0.595679877019293,0.208,0.6,4.71921102341374,0.0350238256968101,4.71921102341374),(61,2012,106.738958502935,79.0653108858985,0.267170712231788,-1.14398025,4.48663904186242,42.9451749035461,-2.90133659447314,0.208,0.6,8.87978040962106,NULL,NULL),(62,2012,67.3037140721317,49.854234588043,0.0950076272192625,-0.40680675,3.26927309519793,42.9451749035461,-1.32245357597167,0.208,0.6,4.54078289644553,NULL,NULL),(63,2012,59.0550737390501,43.7441757916278,0.0444052279296125,-0.19013575,2.96000234165142,42.9451749035461,-0.367047816999025,0.208,0.6,3.80533650258201,NULL,NULL),(64,2012,7.07605850482611,1.91891489298158,0.11238543200351,-0.48121560004,0.0279981709510642,42.9451749035461,-0.267727874799324,0.156,0.5,2.82869441411525,NULL,NULL),(65,2012,0,0,0.00817407025,-0.035,0,42.9451749035461,-0.0445657540237063,0.156,0.5,0.178608316226294,NULL,NULL),(66,2012,229.825174660592,190.589823524765,-0.107413040948625,-3.4917225,8.56443615919581,61.7403160366244,-4.9248105434244,0.26,0.6,24.9813650748228,0.000258470990849358,24.9813650748228),(67,2012,0,0,-0.00107667675,-0.035,0,61.7403160366244,-0.0280230774326625,0.208,0.6,0.185900245817337,-0.000193959958979352,0.185900245817337),(68,2012,239.3796739027,164.696453990929,-0.097923427409475,-3.1832395,6.94213991068654,61.7403160366244,-1.92437272961723,0.208,0.6,24.4740292536598,0.004506036357352,24.4740292536598),(69,2012,386.855097264637,323.484052706559,-0.0149429812779,-0.485758,7.71539277870876,61.7403160366244,-1.32573107769119,0.208,0.6,9.35866071973967,0.0698436240462699,9.35866071973967),(70,2012,0,0,-0.00107667675,-0.035,0,61.7403160366244,-0.278807073508979,0.156,0.5,-0.0648837502589786,-0.011375622613031,-0.0648837502589786),(71,2012,198.242166514876,159.418903900923,-0.043511629830075,-1.4144515,6.49517215943584,61.7403160366244,-2.9029220442984,0.208,0.6,12.2375119853074,NULL,NULL),(72,2012,174.2522491725,140.127113488068,-0.057855763499625,-1.8807425,6.15435816154436,61.7403160366244,-2.86388593220135,0.208,0.6,14.7857489658434,NULL,NULL),(73,2012,13.3037255918691,10.6983564038849,-0.010611618380325,-0.3449565,0.843215520261549,61.7403160366244,-1.809511794367,0.208,0.6,1.14211060751423,NULL,NULL),(74,2012,111.436695597798,89.6132047931822,-0.031680136692,-1.02984,4.86058007398653,61.7403160366244,-1.73595339032387,0.208,0.6,9.41910654697066,NULL,NULL),(75,2012,68.0149594424751,54.6950755926664,-0.0133015873442695,-0.43240049258,3.47649701943721,61.7403160366244,-0.907984103821346,0.208,0.6,5.2113857826916,NULL,NULL),(77,2012,72.1849829432064,58.0484518567307,-0.005611639221,-0.18242,3.63219282658884,61.7403160366244,-0.625958489655807,0.208,0.6,4.12120269771204,NULL,NULL),(78,2012,253.04600268509,75.4284758736543,-0.025244732089575,-0.8206415,5.29485004260476,61.7403160366244,-10.8363159336884,0.156,0.5,-0.525627123173235,NULL,NULL),(79,2012,44.9300918102628,26.0262541788152,3.4227276238286,-2.890874,7.02298407648093,64.4395948945692,-4.67849526322037,0.198,0.6,23.5254424370892,0.0192967534768131,23.5254424370892),(80,2012,0,0,0.0414391865,-0.035,0,64.4395948945692,-0.000168509540649298,0.132,0.5,0.256270676959351,0.000000131182561989616,0.256270676959351),(81,2012,257.993946660449,149.445856036439,9.5032320643704,-8.026536,14.6038266973844,64.4395948945692,-10.5869813163623,0.22,0.6,62.8259414453925,NULL,NULL),(82,2012,26.8042390681767,15.5266528722906,2.3030408045986,-1.945174,4.80056950195467,64.4395948945692,-6.08980876615985,0.198,0.6,12.9627275403934,NULL,NULL),(83,2012,138.866515535665,80.4399698429298,1.9717345085311,-1.665349,12.0075329194653,64.4395948945692,-1.49800856865375,0.198,0.6,22.7112598593426,NULL,NULL),(84,2012,52.477110730954,30.3979486225237,0.2281227216825,-0.192675,7.76775876035482,64.4395948945692,-1.8587590602347,0.198,0.6,7.32069742180262,NULL,NULL),(85,2012,3.00961660696727,0.618810171770147,0.0414391865,-0.035,0.110695853834963,64.4395948945692,-0.640784503249278,0.132,0.5,-0.273649462914316,NULL,NULL),(86,2012,42.0984469656691,34.6285482394074,1.33248005218165,-2.820013,3.74711591393052,24.3000621931789,-1.86871417266595,0.198,0.6,20.5338187934462,0.00304376622569766,20.5338187934462),(87,2012,70.9813605420832,35.8690793070994,2.17147555690265,-4.595633,5.1547667601254,24.3000621931789,-0.891956062881023,0.198,0.6,34.664603254147,0.00445277092983107,34.664603254147),(88,2012,42.9910802131595,38.7061057036158,0.117932682403925,-0.2495885,3.80152181552226,24.3000621931789,-0.270579645313303,0.198,0.6,5.18206135261288,0.0421245746463138,5.18206135261288),(89,2012,0,0,0.01653779675,-0.035,0,24.3000621931789,-0.000221130565957928,0.132,0.5,0.231316666184042,-0.00000136014670180174,0.231316666184042),(90,2012,0,0,0.108118036518927,-0.2288171354,0,24.3000621931789,-0.094405607970158,0.132,0.5,1.41930340314877,-0.00102260946691111,1.41930340314877),(91,2012,49.3097839059788,36.1002647979856,1.06421052842185,-2.252257,4.62705360194166,24.3000621931789,-1.47862966014369,0.22,0.6,18.0479274702198,NULL,NULL),(92,2012,8.43737225862444,6.17709810524213,0.22895918088505,-0.484561,0.974871413299283,24.3000621931789,-1.35443997406744,0.198,0.6,2.82597962011689,NULL,NULL),(93,2012,4.38926935850513,3.21343501350261,0.5263716100777,-1.113994,0.524230142776113,24.3000621931789,-0.896226231486557,0.198,0.6,6.99748152136726,NULL,NULL),(94,2012,1.84184895670848,1.34843898691285,0.215062470276025,-0.4551505,0.224658785201144,24.3000621931789,-1.01478454935231,0.198,0.6,2.22086120612486,NULL,NULL),(95,2012,16.9126119538444,12.3819194000834,0.33362358895645,-0.706069,1.8253953661478,24.3000621931789,-0.423594492601045,0.198,0.6,6.07270546250321,NULL,NULL),(96,2012,0.0171569251465334,0.0125607839225184,0.334819589650231,-0.70860017298,0.00212469003210379,24.3000621931789,-0.508007286422721,0.198,0.6,4.18176662727961,NULL,NULL),(97,2012,47.4691080481689,12.7016995757119,0.127621764074831,-0.270094125,0.88907131706005,24.3000621931789,-0.883750267717355,0.132,0.5,1.79209243841753,NULL,NULL),(1,2011,33.8508394958702,27.3164912566923,1.86500582125,-4.235,4.30484102881207,11.8735361471052,-0.229587155033442,0.18,0.6,31.9552596950286,0.0348086195002274,31.9552596950286),(2,2011,0,0,0.485518044375,-1.1025,0,11.8735361471052,-0.618806564807335,0.108,0.5,6.63921147956767,-0.0163568030149776,6.63921147956767),(3,2011,0.101938996421484,0.0822613484904318,0.577997671875,-1.3125,0.0152534227807749,11.8735361471052,-0.481709189312883,0.162,0.6,8.17404190534289,NULL,NULL),(4,2011,0.071802574186789,0.057942267287661,0.762956926875,-1.7325,0.0107467218758598,11.8735361471052,-0.281517974635328,0.162,0.6,11.1346856741155,NULL,NULL),(5,2011,0.0131370674026408,0,0.35450523875,-0.805,0.00131146123136369,11.8735361471052,-0.0572816713017114,0.108,0.5,5.24353502867965,NULL,NULL),(6,2011,0,0,0.26202561125,-0.595,0,11.8735361471052,-0.125494342238951,0.108,0.5,3.79153126901105,NULL,NULL),(7,2011,5.31648831918185,1.5911542079102,0.254318975625,-0.5775,0.507961141088026,11.8735361471052,-0.791129049664775,0.108,0.5,3.51865106704825,NULL,NULL),(8,2011,226.085598421992,215.372073776426,-3.35555060947009,-5.5082673338,10.9532905600982,25.1142454026095,-1.45191674730586,0.162,0.6,39.9823225395222,0.00352901726055752,39.9823225395222),(9,2011,0,0,-1.373442813072,-2.25456,0,25.1142454026095,-1.06537644214172,0.162,0.6,11.4106207447863,-0.0206055206653937,11.4106207447863),(11,2011,59.4815463344777,56.6628926163344,-3.58030432564549,-5.8772093338,7.83521921787143,25.1142454026095,-2.24168874084072,0.18,0.6,38.1160834875852,NULL,NULL),(12,2011,0.0753272388480877,0.0717577048507248,-2.1461152669884,-3.522932,0.0140676305703949,25.1142454026095,-2.42142955520966,0.162,0.6,17.0873908083723,NULL,NULL),(13,2011,0,0,-0.2648465792172,-0.434756,0,25.1142454026095,-0.843172163683184,0.162,0.6,1.56262525709962,NULL,NULL),(14,2011,1.44942583619092,1.38074185310516,-0.347400769223896,-0.570271926,0.267610042785767,25.1142454026095,-0.691245954543741,0.162,0.6,2.73206229301813,NULL,NULL),(15,2011,5.51225591018247,2.00503938538198,-0.123311921414029,-0.20242133338,0.225437149503553,25.1142454026095,-0.79515142825115,0.108,0.5,0.550419133458374,NULL,NULL),(16,2011,44.1704313738961,31.6938037594891,4.87724699940982,-3.7004286662,5.04531075957589,17.9832268672221,-1.59250376718106,0.198,0.6,31.0612586556047,0.0407505691022767,31.0612586556047),(17,2011,3.91845192179559,2.81162402963936,3.24582171713422,-2.4626457772,0.6801727167231,17.9832268672221,-1.43778963366768,0.22,0.6,17.6158860029896,NULL,NULL),(18,2011,1.84589090104143,1.32449021119608,1.81894878942421,-1.38005933338,0.293355356400419,17.9832268672221,-0.771825427838704,0.198,0.6,9.81798605160592,NULL,NULL),(19,2011,1.91707734237661,1.37556893132258,1.64474076204173,-1.24788551104,0.304488813511864,17.9832268672221,-0.779774174997224,0.198,0.6,8.83503782551636,NULL,NULL),(20,2011,187.660874200465,134.653131863201,3.97147161451368,-3.0132054848,9.25854194761491,17.9832268672221,-0.167437293259743,0.198,0.6,31.5722671040688,NULL,NULL),(21,2011,8.27050696878513,2.16282232853121,0.699846923456692,-0.53098266662,0.218660706995116,17.9832268672221,-0.985622473491342,0.132,0.5,3.19463582334047,NULL,NULL),(22,2011,20.7971334074807,16.0538809244709,0,-5.1786265188,3.81800076248886,7.86396489984339,-0.157039045424321,0.2,0.6,35.4725246182645,-0.00285574068715894,35.4725246182645),(23,2011,1.94966357441946,1.67382457149752,0,-0.85703968616,0.250035640676519,7.86396489984339,-0.0411077909002418,0.12,0.6,5.47360020761628,-0.000952951206453095,5.47360020761628),(24,2011,3.07242962843327,0,0,-1.9400167262,0.390381385716026,7.86396489984339,-0.0537051811614356,0.12,0.6,12.2539218083546,-0.0013866269129521,12.2539218083546),(25,2011,1.11923826725,0,0,-0.68277597038,0.144529796266496,7.86396489984339,-0.0311608364368754,0.12,0.6,4.30756420644962,-0.000785597403759237,4.30756420644962),(26,2011,0,0,0,-0.12948062134,0,7.86396489984339,-0.00437490926335451,0.12,0.6,0.791006050396646,-0.000134194839161141,0.791006050396646),(29,2011,0.472803251208514,0.378138743953031,0,-4.22948897,0.102305362181083,7.86396489984339,-0.302432429050905,0.2,0.6,25.7810194631302,NULL,NULL),(30,2011,0.044521482821005,0.0356074065688619,0,-0.54210783802,0.00966799579919913,7.86396489984339,-0.0433565711382671,0.2,0.6,3.29640242964093,NULL,NULL),(31,2011,0,0,0,-0.035,0,7.86396489984339,-0.0113883077196308,0.2,0.6,0.203611692280369,NULL,NULL),(32,2011,4.14636310310035,1.22816161408885,0,-0.45322014808,0.52218784583298,7.86396489984339,-2.45769678061443,0.12,0.6,0.848557689138548,NULL,NULL),(33,2011,0,0,0,-0.035,0,7.86396489984339,-0.0400034169488586,0.12,0.6,0.174996583051141,NULL,NULL),(42,2011,92.4071598978255,78.9708063766035,0.9819495151998,-7.8892485,12.0270923485344,47.4339465300177,-6.40733996034141,0.32,0.6,55.0642284033928,-0.00871856885265959,55.0642284033928),(43,2011,12.4683233793195,11.3892971791955,0.3962172181422,-3.1833165,2.28058069501215,47.4339465300177,-1.49425613506,0.288,0.6,20.7372002780944,-0.00486761756132088,20.7372002780944),(44,2011,32.8785809716789,30.9866131910142,0.0684450401208,-0.549906,5.32552923662439,47.4339465300177,-1.15908086446535,0.288,0.6,7.61288741227984,0.0433047329511682,7.61288741227984),(45,2011,28.2403523651091,23.120730277271,0.248311266,-1.995,4.7001311069656,47.4339465300177,-1.6809798589329,0.288,0.6,15.5224625140327,0.00590014061213334,15.5224625140327),(46,2011,3.14542576126488,1.5073841370932,0.361576054,-2.905,0.406180992598884,47.4339465300177,-1.09900145336207,0.192,0.5,17.5137555932368,-0.00729257934808258,17.5137555932368),(47,2011,13.4695057463657,11.6761184028415,0.0954486724814,-0.7668605,2.44875247666865,47.4339465300177,-1.54795018476299,0.288,0.6,5.70696546438707,NULL,NULL),(48,2011,17.2102582057642,14.9188111529778,0.252332165974,-2.027305,3.05880103841036,47.4339465300177,-0.787947162562841,0.288,0.6,14.9766310418215,NULL,NULL),(50,2011,16.6146388478017,14.4024950922736,0.23646323055757,-1.8998096726,2.96356557088451,47.4339465300177,-1.2372780234196,0.288,0.6,13.6330101954225,NULL,NULL),(51,2011,13.6571067639422,11.8387414221983,0.1792105970102,-1.4398265,2.48003095560608,47.4339465300177,-1.25908693975662,0.288,0.6,10.2448031128597,NULL,NULL),(53,2011,7.4940784858158,6.49628496904442,0.052276056,-0.42,1.41311249466159,47.4339465300177,-0.740934872254563,0.288,0.6,3.30445367840703,NULL,NULL),(54,2011,0,0,0.182966196,-1.47,0,47.4339465300177,-0.583379027802778,0.288,0.6,8.62958716819722,NULL,NULL),(55,2011,43.2552282088877,14.0725403582697,0.1197224056343,-0.96188225,1.33200786089932,47.4339465300177,-1.00925752524717,0.192,0.5,6.35117799128645,NULL,NULL),(57,2011,427.84147808473,355.933901817137,-0.808992880479161,-4.8307239162,10.0285698332566,44.6737661938516,-6.78979257876734,0.26,0.6,32.1042312878101,-0.0283938257986109,32.1042312878101),(58,2011,121.616343615287,103.616935996036,-0.347540788500938,-2.07526375,5.25968186038126,44.6737661938516,-2.70751425545011,0.208,0.6,14.9526755664302,0.00101705951569014,14.9526755664302),(59,2011,161.610143697583,124.760330672204,-0.229416318719815,-1.36990933338,6.10904853589121,44.6737661938516,-2.13851330631826,0.208,0.6,12.1562762444731,0.0227704100103218,12.1562762444731),(60,2011,44.3178520906559,39.5874679428726,-0.08044990514925,-0.480389,2.54951769100726,44.6737661938516,-0.530799378194648,0.208,0.6,4.88922940766336,0.00893446504337464,4.88922940766336),(61,2011,87.8993293011415,72.8997553865429,-0.269552666626688,-1.60957475,4.28748248840471,44.6737661938516,-3.04256031458949,0.208,0.6,10.8627572571885,NULL,NULL),(62,2011,144.215388262682,119.605765037257,-0.0549949683881223,-0.32839041662,5.77408420699031,44.6737661938516,-1.17253700525221,0.208,0.6,6.56380764972999,NULL,NULL),(63,2011,19.1506932986997,15.8827247950319,-0.0344786424159348,-0.20588166662,1.21786952340937,44.6737661938516,-0.264164679482335,0.208,0.6,2.1839278678911,NULL,NULL),(64,2011,43.4040074537544,13.4097994044815,-0.0794869498066467,-0.47463892294,0.169914274867577,44.6737661938516,-0.291006081285361,0.156,0.5,2.71506034183557,NULL,NULL),(65,2011,0,0,-0.00586138875,-0.035,0,44.6737661938516,-0.0434286413193796,0.156,0.5,0.16570996993062,NULL,NULL),(66,2011,372.664056087309,318.613718125872,1.1415105493314,-4.858721,10.371647028555,55.1912446054629,-4.67458633542634,0.26,0.6,36.68500024246,0.0104600631476346,36.68500024246),(68,2011,228.725456368125,193.72969247412,0.5924974947936,-2.521904,7.39508334190263,55.1912446054629,-1.25257693434552,0.208,0.6,22.2266999023507,0.0102887926636883,22.2266999023507),(69,2011,109.657349064136,96.5327968643913,0.1306186014393,-0.5559645,5.20326028804912,55.1912446054629,-1.14373531797561,0.208,0.6,7.60535407151281,0.0350428691745934,7.60535407151281),(70,2011,0,0,0.008222919,-0.035,0,55.1912446054629,-0.351796664698221,0.156,0.5,-0.128573745698221,-0.0193046534146489,-0.128573745698221),(71,2011,113.830473304099,97.6422451026015,0.208154971566,-0.88599,5.3223107063291,55.1912446054629,-2.12934263279017,0.208,0.6,8.84363304510493,NULL,NULL),(72,2011,158.621507608457,136.063390363602,0.4530779031486,-1.928479,6.37029171806515,55.1912446054629,-2.58617427715053,0.208,0.6,16.0835663440632,NULL,NULL),(73,2011,0,0,0.1346239852842,-0.573013,0,55.1912446054629,-1.66366722722705,0.208,0.6,1.99089375805715,NULL,NULL),(74,2011,101.924581594424,87.4295317338759,0.3443084197842,-1.465513,4.97141287932081,55.1912446054629,-1.72815782933487,0.208,0.6,12.5900004697701,NULL,NULL),(75,2011,10.8345254127227,9.29370980557402,0.091606643271577,-0.38991415512,0.749918547871971,55.1912446054629,-0.864821836371704,0.208,0.6,2.37189030765184,NULL,NULL),(77,2011,109.981073795318,94.3402821095275,0.008222919,-0.035,5.21264431957915,55.1912446054629,-0.0576715263395308,0.208,0.6,5.37819571223962,NULL,NULL),(78,2011,153.572495721253,49.3509050812439,0.07353221971965,-0.31298225,3.07922890402922,55.1912446054629,-5.28441198280701,0.156,0.5,-0.209045609058137,NULL,NULL),(79,2011,74.5341808697068,67.8491048811075,-0.086260878,-4.62,10.6805411403622,75.6767138122218,-5.70091906207162,0.198,0.6,33.2733612002905,0.00124728922920223,33.2733612002905),(80,2011,0,0,-0.0006534915,-0.035,0,75.6767138122218,-0.000196381072342716,0.132,0.5,0.214150127427657,-0.000000744243354601835,0.214150127427657),(81,2011,262.184791018186,238.669066681247,-0.1574914515,-8.435,16.4736630685243,75.6767138122218,-12.6981222976904,0.22,0.6,55.433049319334,NULL,NULL),(82,2011,29.1926075835478,26.5742813642991,-0.037902507,-2.03,5.78507292966767,75.6767138122218,-7.90896466314057,0.198,0.6,10.3082057595271,NULL,NULL),(83,2011,103.527167508107,94.2416695848656,-0.015683796,-0.84,12.3420276110545,75.6767138122218,-1.04676712729042,0.198,0.6,16.4395766877641,NULL,NULL),(84,2011,74.3061259411704,67.6415045213213,-0.0124163385,-0.665,10.6640298522687,75.6767138122218,-2.17764970364203,0.198,0.6,12.5589638101267,NULL,NULL),(85,2011,1.18602292649443,0.408740608221633,-0.0006534915,-0.035,0.0657450157305818,75.6767138122218,-1.13166367056581,0.132,0.5,-0.851572146335224,NULL,NULL),(86,2011,35.7244249352294,32.1592961881765,0.603443760718125,-3.7939125,3.45815215790425,21.6747997598302,-1.98053447484687,0.198,0.6,25.3865239437755,-0.0119855040677339,25.3865239437755),(87,2011,51.902452137668,43.6632404245633,0.6459802899856,-4.061344,4.46249445480739,21.6747997598302,-0.829823035602378,0.198,0.6,29.2269077091906,0.000616226716739457,29.2269077091906),(88,2011,30.9627540446888,28.5293106015341,0.00556695275,-0.035,3.10715950338477,21.6747997598302,-0.0598879614974487,0.198,0.6,3.26783849463732,0.0649502580794958,3.26783849463732),(89,2011,0,0,0.00556695275,-0.035,0,21.6747997598302,-0.000251427677214031,0.132,0.5,0.220315525072786,-0.00000275471927324546,0.220315525072786),(90,2011,0,0,0.0662460670185327,-0.4164957832,0,21.6747997598302,-0.152772506903589,0.132,0.5,2.47194765691494,-0.00238355241165477,2.47194765691494),(91,2011,63.9860742847257,56.6905810914089,0.325345522701325,-2.0454805,5.61605679334253,21.6747997598302,-1.0949765751301,0.22,0.6,17.4115202409138,NULL,NULL),(92,2011,0.194226594121597,0.172081481904368,0.0934067868017,-0.587258,0.0249103363891216,21.6747997598302,-1.26193859916362,0.198,0.6,2.4638205240272,NULL,NULL),(93,2011,0.433001920804508,0.383632388429923,0.185564906101575,-1.1666655,0.0554239298925211,21.6747997598302,-0.785051346626208,0.198,0.6,6.62259698936789,NULL,NULL),(94,2011,0.000167158380037407,0,0.094745638938075,-0.5956755,0.0000214734183997912,21.6747997598302,-1.00618184428694,0.198,0.6,2.74773476806953,NULL,NULL),(95,2011,0,0,0.11906487202645,-0.748573,0,21.6747997598302,-0.356287956884276,0.198,0.6,4.36115391514217,NULL,NULL),(96,2011,2.54268407239278,2.2527751422035,0.0995396435463322,-0.62581589616,0.319813105837385,21.6747997598302,-0.420312671598141,0.198,0.6,3.84333772562558,NULL,NULL),(97,2011,26.8624189875038,8.9663779548844,0.039022668691675,-0.2453395,1.85451449612127,21.6747997598302,-2.8004203503933,0.132,0.5,0.600202314419644,NULL,NULL),(1,2010,53.8707711545424,45.9896380982968,1.3579222119792,-4.033904,4.27441897646731,11.4995821664933,-0.472588821593039,0.18,0.6,29.9394483668535,0.0225987589299326,29.9394483668535),(2,2010,0,0,0.1863811104456,-0.553672,0,11.4995821664933,-0.648417003983064,0.108,0.5,2.93909210646254,-0.0289632059377349,2.93909210646254),(3,2010,4.17441786391157,3.56371298791349,0.3328213917462,-0.988694,0.436331337045532,11.4995821664933,-0.482471762532652,0.162,0.6,6.36008696625908,NULL,NULL),(4,2010,2.49499292768006,2.12998290803455,0.0798769455078,-0.237286,0.264430500358912,11.4995821664933,-0.263029896515973,0.162,0.6,1.53889154935074,NULL,NULL),(5,2010,0.503058171920003,0.160758764434194,0.0665633357928,-0.197736,0.0361366768110986,11.4995821664933,-0.0627161570897421,0.108,0.5,1.25464785551416,NULL,NULL),(6,2010,0.0254062673014029,0.00811890228255328,0.1198177746528,-0.355936,0.00183230715477605,11.4995821664933,-0.174132313357297,0.108,0.5,2.13398176845028,NULL,NULL),(7,2010,7.17291771752181,2.29219890267544,0.1198177746528,-0.355936,0.487690328297647,11.4995821664933,-0.850079188102813,0.108,0.5,1.94389291484763,NULL,NULL),(8,2010,238.096295844438,215.329129075931,2.46146137358987,-5.1470423228,10.1019436144828,26.4935699164325,-1.70213423507201,0.162,0.6,42.4788164502007,0.0320198826233216,42.4788164502007),(9,2010,0,0,1.10938528214599,-2.3197816796,0,26.4935699164325,-1.37142812202122,0.162,0.6,13.9880446205248,-0.0134427759635855,13.9880446205248),(10,2010,0,0,0.016737991,-0.035,0,26.4935699164325,-0.00000106106747515312,0.108,0.5,0.231736929932525,-0.00000000585148764961904,0.231736929932525),(11,2010,78.876444288697,71.3341465185507,2.38927428689135,-4.996095412,8.36794524745765,26.4935699164325,-2.35260229018629,0.18,0.6,39.0949176321627,NULL,NULL),(12,2010,2.59632822839583,2.34806297272679,1.5675680891727,-3.277865493,0.436053884312586,26.4935699164325,-2.56779697716353,0.162,0.6,19.5712844533218,NULL,NULL),(13,2010,1.26217463427332,1.14148338081402,0.198332146688583,-0.41472271876,0.214339690730628,26.4935699164325,-0.896643111185862,0.162,0.6,2.06361114147335,NULL,NULL),(14,2010,3.15398199580386,2.85239295247725,0.252895605489669,-0.52881771726,0.527275601529758,26.4935699164325,-0.716152902978146,0.162,0.6,3.31246999578128,NULL,NULL),(15,2010,27.6922853694498,9.47016012201754,0.093571451137746,-0.19566271662,0.978836968302648,26.4935699164325,-0.769188359386455,0.108,0.5,1.50514817643394,NULL,NULL),(16,2010,65.7901473112463,50.9790992794494,1.85925480838391,-2.9293139414,6.09148302127043,19.353305005155,-1.55069415177748,0.198,0.6,24.3944007464769,0.0372948902954378,24.3944007464769),(17,2010,11.3225177154837,8.77352883829607,0.748813158008498,-1.17977848618,1.74778927092234,19.353305005155,-0.842568778768597,0.22,0.6,8.90124435098224,NULL,NULL),(18,2010,5.90313107165693,4.57418499973717,0.710332802791357,-1.11915148632,0.857068129250379,19.353305005155,-0.751555110651048,0.198,0.6,7.69063352307069,NULL,NULL),(19,2010,6.65215798536548,5.15458676136083,0.691145933026208,-1.08892197456,0.959913098786821,19.353305005155,-0.836649502725181,0.198,0.6,7.50350165852785,NULL,NULL),(20,2010,58.4207090716496,45.268710429386,3.06797181422626,-4.8336852844,5.69218682556713,19.353305005155,-0.665264116206426,0.198,0.6,37.787532699187,NULL,NULL),(21,2010,31.8264979329198,9.08896970137227,0.296197752136566,-0.466668797,0.757323981944063,19.353305005155,-1.04515144510749,0.132,0.5,2.87505004197314,NULL,NULL),(22,2010,42.3385845181885,28.5939217631015,3.85127608586235,-4.3069702424,5.66929689667697,24.5273144999276,-0.762005117076784,0.2,0.6,35.2156707830625,0.0099666613131274,35.2156707830625),(23,2010,47.8388500307491,39.9099597007025,0.59574537557084,-0.66623569628,3.69222923744827,24.5273144999276,-0.103922932671901,0.12,0.6,8.27664238606721,0.00615438595427528,8.27664238606721),(24,2010,18.6076174693183,0,1.14247834858539,-1.27765970038,1.7917848166873,24.5273144999276,-0.128009918910007,0.12,0.6,10.6547342629827,0.00157295662690984,10.6547342629827),(25,2010,0,0,0.487025057761314,-0.54465127514,0,24.5273144999276,-0.0939852892997847,0.12,0.6,3.73875474432153,-0.000248885907754379,3.73875474432153),(26,2010,0,0,0.258829077727685,-0.2894544849,0,24.5273144999276,-0.0362947498393176,0.12,0.6,2.00061187798837,-0.0000798265318074295,2.00061187798837),(29,2010,0.501930462948903,0.361040905552357,3.3837784713226,-3.7841569542,0.0932988520458612,24.5273144999276,-1.01418128863515,0.2,0.6,25.7084316105333,NULL,NULL),(30,2010,0.0583134662244366,0.0419451462018766,0.414526361584708,-0.46357432296,0.0108794228570681,24.5273144999276,-0.137699593910612,0.2,0.6,3.13537703157116,NULL,NULL),(31,2010,0,0,0.03129686425,-0.035,0,24.5273144999276,-0.0264124740814663,0.2,0.6,0.219884390168534,NULL,NULL),(32,2010,26.04080078527,6.82907777153415,0.339949829535057,-0.38017367934,2.36598562429759,24.5273144999276,-5.73753463172558,0.12,0.6,-0.696246576232934,NULL,NULL),(33,2010,0,0,0.03129686425,-0.035,0,24.5273144999276,-0.134038928573623,0.12,0.6,0.112257935676377,NULL,NULL),(42,2010,241.076063820026,199.041538649738,0.134133202340025,-7.0711235,13.8682119840656,53.40940948779,-6.92997783516589,0.32,0.6,50.5092688512398,0.0000090239194140973,50.5092688512398),(43,2010,38.5988105805073,35.4065126410964,0.059410306043025,-3.1319435,5.02407498717388,53.40940948779,-1.70514298600224,0.288,0.6,22.6174238072147,0.000651165465840139,22.6174238072147),(44,2010,12.9019503432491,10.5222748059059,0.01070571403125,-0.564375,1.95503155653219,53.40940948779,-1.60860072764078,0.288,0.6,3.82401154292266,-0.00268420267026326,3.82401154292266),(45,2010,43.3672108540795,39.2794621300173,0.02722073025,-1.435,5.49288992052996,53.40940948779,-1.86405874031269,0.288,0.6,12.4710519104673,0.0141629433637022,12.4710519104673),(46,2010,17.6629524492886,15.8603263414674,0.05510538075,-2.905,1.73363895498988,53.40940948779,-1.12566224545523,0.192,0.5,18.5080820902847,-0.00471430832992076,18.5080820902847),(47,2010,13.6584300007813,11.6184207443431,0.0064689733479,-0.341026,2.06016795444917,53.40940948779,-1.69268963105372,0.288,0.6,2.46882129674335,NULL,NULL),(48,2010,30.8099622977901,26.2082175676558,0.022339256611875,-1.1776625,4.19557242748699,53.40940948779,-0.577965397916313,0.288,0.6,10.8741587861826,NULL,NULL),(50,2010,30.8414212706698,26.2349778602429,0.030284052972138,-1.59648972,4.19908358111205,53.40940948779,-1.38656985174192,0.288,0.6,12.6498060623423,NULL,NULL),(51,2010,0.539441830178759,0.458871345371085,0.0270866183595,-1.42793,0.0882123418974294,53.40940948779,-1.30874033399872,0.288,0.6,7.57812862625821,NULL,NULL),(53,2010,15.3952243649912,13.0958092632754,0.01659800625,-0.875,2.29782109451169,53.40940948779,-0.929838239913624,0.288,0.6,6.75958086084806,NULL,NULL),(54,2010,0.536492801666543,0.456362780767391,0.01925368725,-1.015,0.0877317165661117,53.40940948779,-0.866042458264291,0.288,0.6,5.47594294555182,NULL,NULL),(55,2010,104.035726906387,33.1065642863665,0.0212278873093875,-1.11907425,2.42880851159662,53.40940948779,-1.21597894588316,0.192,0.5,8.10837070302285,NULL,NULL),(57,2010,218.525296764869,174.172305593767,1.7590675626852,-3.9362703338,7.28927353359688,36.3542871543251,-5.9196579358538,0.26,0.6,27.3086294966283,-0.011825643552102,27.3086294966283),(58,2010,168.090202721111,133.239431815445,0.753101253123788,-1.68521675,5.24312367429004,36.3542871543251,-2.02189153355124,0.208,0.6,14.3263791438626,0.0210393407446065,14.3263791438626),(59,2010,156.649936171491,124.241731637567,0.587227233918,-1.31404,5.07163382687621,36.3542871543251,-1.88026398510002,0.208,0.6,11.8505570756942,0.0267978146751719,11.8505570756942),(60,2010,77.0741007491749,51.7369440977302,0.01564104075,-0.035,3.29725386471431,36.3542871543251,-0.00953462563908383,0.208,0.6,3.51836027982523,0.0062849130102516,3.51836027982523),(61,2010,47.7730505705238,37.0591667179687,0.600195742150995,-1.34305966662,2.28493395722041,36.3542871543251,-2.53020224600012,0.208,0.6,8.60515111975128,NULL,NULL),(62,2010,227.068287008763,176.144529271768,0.111870719155433,-0.25033341662,5.90880223142931,36.3542871543251,-0.799378969011543,0.208,0.6,6.7590563979532,NULL,NULL),(63,2010,0,0,0.112451783819295,-0.25163366662,0,36.3542871543251,-0.178820231094725,0.208,0.6,1.47938121910457,NULL,NULL),(64,2010,74.8439814889594,21.4011514134927,0.17735939183892,-0.3968776,0.26428605507499,36.3542871543251,-0.29293754086284,0.156,0.5,2.58667030605107,NULL,NULL),(65,2010,0,0,0.01564104075,-0.035,0,36.3542871543251,-0.047790346150179,0.156,0.5,0.182850694599821,NULL,NULL),(66,2010,221.581797657438,197.325344346658,0.231867181551225,-4.6568445,8.15369591164441,44.3297538650734,-4.21393023541536,0.26,0.6,32.7779633577803,-0.00300805988412192,32.7779633577803),(68,2010,68.0978528189093,61.7593982239177,0.12158307118835,-2.441887,3.35396839045641,44.3297538650734,-1.04355123745971,0.208,0.6,17.432163224185,-0.0000241477713548988,17.432163224185),(69,2010,182.812235251608,157.865372351987,0.021241948762275,-0.4266255,6.05689490837499,44.3297538650734,-0.77300010423185,0.208,0.6,7.92583625290541,0.0541901810530721,7.92583625290541),(70,2010,0,0,0.003187172363575,-0.0640115,0,44.3297538650734,-0.359241188232183,0.156,0.5,0.0371594841313924,-0.0148904513534962,0.0371594841313924),(71,2010,154.678640090174,136.940261433011,0.02446258042345,-0.491309,5.61087920573114,44.3297538650734,-1.11974054677863,0.208,0.6,7.53364223937596,NULL,NULL),(72,2010,157.822151744656,139.723278580896,0.084447258997375,-1.6960475,5.66605890104018,44.3297538650734,-1.94695906328682,0.208,0.6,14.2221245967507,NULL,NULL),(73,2010,0,0,0.023882444997875,-0.4796575,0,44.3297538650734,-1.50149509686878,0.208,0.6,1.4688548481291,NULL,NULL),(74,2010,127.907653348378,113.239342410811,0.0602985337561,-1.211042,5.07748472612056,44.3297538650734,-1.34754050268015,0.208,0.6,11.2295007571965,NULL,NULL),(75,2010,26.6178235537256,23.5653204223929,0.0165494832457519,-0.33238153634,1.54076641706358,44.3297538650734,-0.580304768537074,0.208,0.6,3.01878342643226,NULL,NULL),(77,2010,7.07066383569646,6.25980777695445,0.00174267175,-0.035,0.443168685215795,44.3297538650734,-0.0329027528097666,0.208,0.6,0.627008604156028,NULL,NULL),(78,2010,228.658941221727,76.2566872204798,0.0105554208764848,-0.21199616662,2.73099538894362,44.3297538650734,-2.83050937783605,0.156,0.5,1.21330359836405,NULL,NULL),(79,2010,96.8865723056717,85.4962831909659,0.6496402805,-3.01,10.0242046547108,73.7379985213233,-6.37770474144943,0.198,0.6,22.7861401937613,0.0103183647290479,22.7861401937613),(80,2010,0,0,0.00755395675,-0.035,0,73.7379985213233,-0.00195774386074114,0.132,0.5,0.220596212889259,-0.00000624536438232142,0.220596212889259),(81,2010,487.476773023989,430.167475674412,1.994244582,-9.24,13.8998822003146,73.7379985213233,-13.2155614305339,0.22,0.6,59.4385653517806,NULL,NULL),(82,2010,67.4969679703489,59.5618128580103,0.30215827,-1.4,8.4508235820092,73.7379985213233,-8.05944022707131,0.198,0.6,9.29354162493789,NULL,NULL),(83,2010,219.675033274142,193.849347828475,0.02266187025,-0.105,12.1919960636004,73.7379985213233,-0.163767030957885,0.198,0.6,12.6958909028925,NULL,NULL),(84,2010,101.149366249703,89.2579297179359,0.0151079135,-0.07,10.1949310744573,73.7379985213233,-2.04934006676798,0.198,0.6,8.59069892118929,NULL,NULL),(85,2010,49.2378499504319,16.3576558035591,0.00755395675,-0.035,1.99651016077892,73.7379985213233,-1.16301254006236,0.132,0.5,1.05605157746656,NULL,NULL),(86,2010,88.1887212288971,74.4573410518955,-0.014047743784375,-3.2875325,4.84701039763266,17.8842657560212,-1.41870924819832,0.198,0.6,23.60909590565,0.00107897902570589,23.60909590565),(87,2010,48.449195612385,36.421501663518,-0.010421483301875,-2.4388945,3.48732896817852,17.8842657560212,-0.609798687954404,0.198,0.6,17.8488892969222,0.001768454923384,17.8488892969222),(89,2010,0,0,-0.00014955625,-0.035,0,17.8842657560212,-0.000292407745110946,0.132,0.5,0.214558036004889,-0.00000463580889056051,0.214558036004889),(90,2010,0,0,-0.000845097501875,-0.1977745,0,17.8842657560212,-0.178204403883911,0.132,0.5,1.03585099861421,-0.00531586092894176,1.03585099861421),(91,2010,50.261870617753,41.1018620712331,-0.00697401731625,-1.632099,3.96763412296085,17.8842657560212,-0.856248940823141,0.22,0.6,13.1301621648215,NULL,NULL),(92,2010,0.362071480917601,0.296085519414511,-0.002312842539375,-0.5412645,0.037870315669807,17.8842657560212,-1.09752232222392,0.198,0.6,2.26294565090651,NULL,NULL),(93,2010,0,0,-0.00484188359375,-1.133125,0,17.8842657560212,-0.588021695542156,0.198,0.6,6.36776142086409,NULL,NULL),(94,2010,0.249603293401812,0.204114172668758,-0.002771576425,-0.64862,0.0261313356515518,17.8842657560212,-0.949737778192431,0.198,0.6,3.05800198103412,NULL,NULL),(95,2010,0,0,-0.00334201387375,-0.782117,0,17.8842657560212,-0.309384391533556,0.198,0.6,4.49170659459269,NULL,NULL),(96,2010,0,0,-0.00283345051789607,-0.66310012538,0,17.8842657560212,-0.360794255072947,0.198,0.6,3.70970163602916,NULL,NULL),(97,2010,54.8360801477876,16.6665333866459,-0.001039700094375,-0.2433165,2.51386573388468,17.8842657560212,-2.10290944278901,0.132,0.5,1.9045750910013,NULL,NULL);
/*!40000 ALTER TABLE `calculated_params` ENABLE KEYS */;
UNLOCK TABLES;

--
-- Table structure for table `categories`
--

DROP TABLE IF EXISTS `categories`;
/*!40101 SET @saved_cs_client     = @@character_set_client */;
/*!40101 SET character_set_client = utf8 */;
CREATE TABLE `categories` (
  `country_id` bigint(20) DEFAULT NULL,
  `cat_id` bigint(20) DEFAULT NULL,
  `name` text
) ENGINE=InnoDB DEFAULT CHARSET=utf8;
/*!40101 SET character_set_client = @saved_cs_client */;

--
-- Dumping data for table `categories`
--

LOCK TABLES `categories` WRITE;
/*!40000 ALTER TABLE `categories` DISABLE KEYS */;
INSERT INTO `categories` VALUES (1,1,'Dressings'),(1,2,'Savoury'),(1,3,'Tea and Soy & Fruit Beverages'),(1,4,'Ice Cream'),(1,5,'Household Care'),(1,6,'Laundry'),(1,7,'Deodorants & Fragrances'),(1,8,'Hair Care'),(1,9,'Oral Care'),(1,10,'Skin Cleansing');
/*!40000 ALTER TABLE `categories` ENABLE KEYS */;
UNLOCK TABLES;

--
-- Table structure for table `category_market_data`
--

DROP TABLE IF EXISTS `category_market_data`;
/*!40101 SET @saved_cs_client     = @@character_set_client */;
/*!40101 SET character_set_client = utf8 */;
CREATE TABLE `category_market_data` (
  `year` bigint(20) DEFAULT NULL,
  `cat_id` bigint(20) DEFAULT NULL,
  `market_size` double DEFAULT NULL,
  `market_share_UL` double DEFAULT NULL,
  `growth_2y` double DEFAULT NULL,
  `growth_5y` tinyint(4) DEFAULT NULL
) ENGINE=InnoDB DEFAULT CHARSET=utf8;
/*!40101 SET character_set_client = @saved_cs_client */;

--
-- Dumping data for table `category_market_data`
--

LOCK TABLES `category_market_data` WRITE;
/*!40000 ALTER TABLE `category_market_data` DISABLE KEYS */;
INSERT INTO `category_market_data` VALUES (2015,1,327884.2155,0.71959057,0.321593291,NULL),(2015,2,648503.3347,0.245530874,0.046839797,NULL),(2015,3,1573939.068,0.116249533,0.126844304,NULL),(2015,4,7684710.767,0.110279321,0.718202613,NULL),(2015,5,1151613.937,0.044669995,0.490322298,NULL),(2015,6,2676883.843,0.540625495,0.490322298,NULL),(2015,7,1293447.182,0.64222181,0.270706576,NULL),(2015,8,2164114.082,0.304174451,0.024847275,NULL),(2015,9,772659.3417,0.088783721,0.02762863,NULL),(2015,10,1107843.034,0.242984781,0.097894855,NULL),(2014,1,285323.135,0.721882265,0.320587085,NULL),(2014,2,612680.9883,0.258737576,0.120354902,NULL),(2014,3,1369201.071,0.144144371,0.321421506,NULL),(2014,4,6635063.69,0.107138984,0.681561343,NULL),(2014,5,689757.9795,0.040975686,0.317713493,NULL),(2014,6,2331948.903,0.53540515,0.317713493,NULL),(2014,7,1147524.312,0.66364583,0.270496893,NULL),(2014,8,2031754.239,0.312123904,0.134535142,NULL),(2014,9,724762.0127,0.095988402,0.136541438,NULL),(2014,10,1049363.982,0.25544214,0.114561803,NULL),(2013,1,255510.5803,0.754535914,0.246970553,NULL),(2013,2,563347.8942,0.259713813,0.182811281,NULL),(2013,3,1264355.455,0.212119311,0.172724738,NULL),(2013,4,5728786.874,0.104088073,0.234230314,NULL),(2013,6,1877823.53,0.576673512,0.542156706,NULL),(2013,7,980050.7094,0.665440911,0.370966037,NULL),(2013,8,1899681.806,0.317519062,0.14388041,NULL),(2013,9,680998.3584,0.120695956,0.132657786,NULL),(2013,10,965014.7841,0.262280827,0.182454323,NULL),(2012,1,223500.5303,0.736738502,0.306955078,NULL),(2012,2,522142.578,0.279321416,0.164059374,NULL),(2012,3,1077628.966,0.222751173,0.376574946,NULL),(2012,4,4946297.516,0.101124039,0.190508232,NULL),(2012,6,1695754.862,0.570149218,0.226262398,NULL),(2012,7,861339.5414,0.649124612,0.294637926,NULL),(2012,8,1652354.239,0.269148428,0.321768534,NULL),(2012,9,626288.1302,0.138535531,0.182343773,NULL),(2012,10,879158.7333,0.266233964,0.204851005,NULL),(2011,1,200304.6638,0.721711132,0.245016174,NULL),(2011,2,450820.9607,0.288484266,0.341436187,NULL),(2011,3,855989.5646,0.232654702,0.58489893,NULL),(2011,4,4270687.608,0.09824441,0.172575452,NULL),(2011,6,1547087.597,0.595894008,0.201424082,NULL),(2011,7,735749.6073,0.639598125,0.370530458,NULL),(2011,8,1406115.53,0.278387914,0.380906608,NULL),(2011,9,535748.0365,0.150577198,0.36655522,NULL),(2011,10,796878.0611,0.291389182,0.217168904,NULL),(2010,1,185594.5402,0.691137547,0.245016174,NULL),(2010,2,401812.6819,0.292286035,0.341436187,NULL),(2010,3,699066.2177,0.224836295,0.58489893,NULL),(2010,4,3687358.593,0.095446782,0.172575452,NULL),(2010,6,1282016.815,0.586755163,0.201424082,NULL),(2010,7,655156.5091,0.624891483,0.370530458,NULL),(2010,8,1323798.273,0.298872562,0.380906608,NULL),(2010,9,535272.1005,0.172541966,0.36655522,NULL),(2010,10,779088.0575,0.291849084,0.217168904,NULL);
/*!40000 ALTER TABLE `category_market_data` ENABLE KEYS */;
UNLOCK TABLES;

--
-- Table structure for table `category_tracking_data`
--

DROP TABLE IF EXISTS `category_tracking_data`;
/*!40101 SET @saved_cs_client     = @@character_set_client */;
/*!40101 SET character_set_client = utf8 */;
CREATE TABLE `category_tracking_data` (
  `cat_id` bigint(20) DEFAULT NULL,
  `year` bigint(20) DEFAULT NULL,
  `incremental_usage` double DEFAULT NULL,
  `conviction_cat` double DEFAULT NULL
) ENGINE=InnoDB DEFAULT CHARSET=utf8;
/*!40101 SET character_set_client = @saved_cs_client */;

--
-- Dumping data for table `category_tracking_data`
--

LOCK TABLES `category_tracking_data` WRITE;
/*!40000 ALTER TABLE `category_tracking_data` DISABLE KEYS */;
INSERT INTO `category_tracking_data` VALUES (1,2015,0.044179349,86.90858667),(2,2015,0.031701961,72.83870222),(3,2015,0.0221775,76.875),(4,2015,-0.010480897,72.55),(5,2015,0.688536457,18.82028892),(6,2015,0.00818146,59.61523775),(7,2015,0.068411799,48.71948),(8,2015,0.015789006,47.88033143),(9,2015,0.012298943,77.746432),(10,2015,0.004037476,54.58252793),(1,2014,0.044179349,75.43802667),(2,2014,0.031701961,63.70761333),(3,2014,0.0221775,69.3),(4,2014,-0.010480897,72.275),(5,2014,0.688536457,10.42497505),(6,2014,0.00818146,55.36817065),(7,2014,0.068411799,40.12558),(8,2014,0.015789006,40.68544),(9,2014,0.012298943,66.825728),(10,2014,0.004037476,48.07692762),(1,2013,-0.017871707,82.24234667),(2,2013,0.033183027,56.55226667),(3,2013,0.046639823,60.325),(4,2013,-0.00762144,65.325),(6,2013,0.006550082,44.04598381),(7,2013,0.013789172,34.98128),(8,2013,-0.026773346,42.94944),(9,2013,-0.055852853,71.36),(10,2013,-0.002184814,42.76858925),(1,2012,0.034691872,81.06666667),(2,2012,-0.005379531,65.05421333),(3,2012,0.039179331,65.15),(4,2012,-0.005218839,65.2),(6,2012,0.010976505,49.09486988),(7,2012,0.032696281,36.61362667),(8,2012,-0.004306707,38.63089143),(9,2012,0.165756746,67.294208),(10,2012,0.066151187,37.53222192),(1,2011,0.061653085,55.46666667),(2,2011,-0.085285818,69.21141559),(3,2011,0.184523103,48.90321692),(4,2011,0,65.17022284),(6,2011,0.017425352,54.87047232),(7,2011,-0.023445555,39.69426222),(8,2011,0.032891676,41.76190857),(9,2011,-0.002613966,75.84),(10,2011,0.022267811,38.92778542),(1,2010,0.047127822,40.07530667),(2,2010,0.066951964,63.55933464),(3,2010,0.08885892,46.19638343),(4,2010,0.125187457,55.99758285),(6,2010,0.002655681,45.5769897),(7,2010,0.062564163,33.44972889),(8,2010,0.006970687,37.23563429),(9,2010,0.030215827,63.2),(10,2010,-0.000598225,31.79072179);
/*!40000 ALTER TABLE `category_tracking_data` ENABLE KEYS */;
UNLOCK TABLES;

--
-- Table structure for table `countries`
--

DROP TABLE IF EXISTS `countries`;
/*!40101 SET @saved_cs_client     = @@character_set_client */;
/*!40101 SET character_set_client = utf8 */;
CREATE TABLE `countries` (
  `country_id` bigint(20) DEFAULT NULL,
  `country_name` text,
  `region` text
) ENGINE=InnoDB DEFAULT CHARSET=utf8;
/*!40101 SET character_set_client = @saved_cs_client */;

--
-- Dumping data for table `countries`
--

LOCK TABLES `countries` WRITE;
/*!40000 ALTER TABLE `countries` DISABLE KEYS */;
INSERT INTO `countries` VALUES (1,'Brazil','Brazil');
/*!40000 ALTER TABLE `countries` ENABLE KEYS */;
UNLOCK TABLES;

--
-- Table structure for table `estimated_returns`
--

DROP TABLE IF EXISTS `estimated_returns`;
/*!40101 SET @saved_cs_client     = @@character_set_client */;
/*!40101 SET character_set_client = utf8 */;
CREATE TABLE `estimated_returns` (
  `brand_id` double DEFAULT NULL,
  `year` double DEFAULT NULL,
  `to_return` double DEFAULT NULL,
  `gp_return` double DEFAULT NULL,
  `boost` double DEFAULT NULL,
  `net_to_return` double DEFAULT NULL,
  `net_gp_return` double DEFAULT NULL,
  `boost.1` double DEFAULT NULL,
  `protected_fraction` double DEFAULT NULL,
  `gained_fraction` double DEFAULT NULL
) ENGINE=InnoDB DEFAULT CHARSET=utf8;
/*!40101 SET character_set_client = @saved_cs_client */;

--
-- Dumping data for table `estimated_returns`
--

LOCK TABLES `estimated_returns` WRITE;
/*!40000 ALTER TABLE `estimated_returns` DISABLE KEYS */;
INSERT INTO `estimated_returns` VALUES (1,2015,45204167.5483906,21893920.5742698,1,42173869.3353876,20426243.7650284,1,0.020677129072653,0.979322870927347),(2,2015,3436577.5739295,1528789.78586677,1,1194022.53369886,531170.740175189,1,1,0),(8,2015,15676589.8521507,6741175.18132124,1,14782517.8610493,6356710.4492864,1,0.0670478049836145,0.932952195016385),(10,2015,256476191.697138,114996241.869151,1.2,193506266.370515,86762413.5538359,1.2,0.000103722753742819,0.999896277246257),(16,2015,34214133.6631258,8876896.35936582,1,34214133.6631258,8876896.35936582,1,0.0556111515798032,0.944388848420197),(22,2015,99792867.0461694,47355982.8557809,1,96314547.1472998,45705371.3203734,1,0.0630036627195391,0.936996337280461),(23,2015,36280597.3097185,23372190.4431016,1.15,32777019.6459312,21115163.5344432,1.15,0.0384105665269776,0.961589433473022),(24,2015,42496796.4339465,28775180.3677325,1.15,38303522.1510067,25935855.1962336,1.15,0.0275671371040956,0.972432862895904),(27,2015,1450860.82131143,1075294.54226491,1.2,1290926.30889475,956760.286052782,1.2,0.000601742115519444,0.999398257884481),(28,2015,1323494.40300816,695795.384105012,1.2,1182989.58887251,621928.35384186,1.2,0.145973688842653,0.854026311157347),(34,2015,7544472.21299566,3648497.21844735,1.05,7406635.41484462,3581839.51722506,1.05,0.0473348298113121,0.952665170188688),(36,2015,1012236.59345616,389135.70080933,1.2,976099.738971882,375243.553177351,1.2,0.0573000284569291,0.942699971543071),(42,2015,375479411.683052,105091046.127405,1,303656895.776954,84989002.9867671,1,0.545206005661168,0.454793994338832),(43,2015,20358366.5022883,4886007.9605492,1,10876744.0717981,2610418.57723154,1,1,0),(44,2015,126197150.956845,47930742.4063781,1.05,63493242.0505791,24115268.8963066,1.05,0.405399754298079,0.594600245701921),(45,2015,2995606.53583531,718945.568600475,1.05,1466437.34430806,351944.962633936,1.05,1,0),(57,2015,132494276.402512,75481600.1308214,1,100916296.096759,57491717.4951621,1,0.484715164916358,0.515284835083642),(58,2015,54351562.6009866,37584914.3441853,1,26810466.4035333,18539836.4845938,1,0.483981799580788,0.516018200419212),(59,2015,20173786.578179,9945445.5309267,1,8481132.18031755,4181100.94567837,1,0.446927209276529,0.553072790723471),(60,2015,10541249.3310677,6989470.73564713,1.05,4195280.12373489,2781718.4407417,1.05,0.566072790452279,0.433927209547721),(66,2015,57352592.4619308,20965881.8352633,1,46690033.834938,17068064.2364601,1,0.435094014620175,0.564905985379825),(67,2015,58800601.9948035,31702487.3921605,1,45475313.4714048,24518125.7176443,1,0.299531314439535,0.700468685560465),(68,2015,12400713.3293676,7054548.56498043,1,9317142.92516777,5300359.38310104,1,0.407632298933409,0.592367701066591),(69,2015,49124320.4545712,33498278.5585024,1.05,36291542.0457937,24747501.3092924,1.05,0.431308847079889,0.568691152920111),(70,2015,12148399.5434132,6031671.60216017,1.2,8573419.80417202,4256696.74276231,1.2,1,0),(79,2015,25554226.9548295,8247852.98124245,1,25551579.3835916,8246998.45418648,1,0.364665556188455,0.635334443811545),(80,2015,41345.3295624485,13238.4517429081,1.2,37678.8209821377,12064.4643199251,1.2,0.00247806695584829,0.997521933044152),(86,2015,24160542.8202597,7473859.57157617,1,21025271.0728559,6503989.77464523,1,0.312916796058179,0.687083203941821),(87,2015,12219315.3012251,4719114.25695011,1,10316886.1551385,3984393.83401164,1,0.31358568909514,0.68641431090486),(88,2015,20192157.8162346,8637697.05890234,1.05,15810788.5205547,6763457.51384332,1.05,0.166261966147193,0.833738033852807),(90,2015,41269818.5764717,14538782.4848069,1.2,31590254.0196872,11128806.6600291,1.2,0.0268516069577095,0.973148393042291),(1,2014,32493149.6525533,14606758.9968977,1,30196063.2043313,13574141.7066997,1,0.0000921158651501219,0.99990788413485),(8,2014,21466904.2930565,9358414.42924478,1,20224923.6221053,8816977.72867533,1,0.0563872470886702,0.94361275291133),(16,2014,39679447.1343309,7669416.46515409,1,39679447.1343309,7669416.46515409,1,0.0638469623464674,0.936153037653533),(22,2014,79012083.7790938,40959067.2361931,1,76396490.5131508,39603170.0706176,1,0.0280758130477118,0.971924186952288),(23,2014,11119921.6774805,7124774.20922856,1.15,10063392.9991586,6447833.44499075,1.15,0.080353083706969,0.919646916293031),(24,2014,11319203.173186,7086139.42581165,1.15,10229400.3657625,6403892.2285586,1.15,0.050267629243553,0.949732370756447),(25,2014,3536584.19684327,1787996.47788401,1.2,3178223.40749379,1606819.44561074,1.2,0.117552390081057,0.882447609918943),(34,2014,3683801.4902584,1494116.89969027,1.05,3614317.96177509,1465935.00269295,1.05,0.0702371125816108,0.929762887418389),(36,2014,1540751.70307786,517044.729284064,1.2,1488508.96053007,499513.134398452,1.2,0.0320102778580279,0.967989722141972),(42,2014,288607361.338718,91393028.173574,1,234162083.644548,74151892.0669262,1,0.5197321171714,0.4802678828286),(43,2014,4401409.77094717,1056338.34502732,1,2316600.9765757,555984.234378168,1,1,0),(44,2014,59859863.6640896,24539968.6316426,1.05,30536243.352259,12518545.9525559,1.05,0.846051148958698,0.153948851041302),(45,2014,7297551.56016397,1751412.37443935,1.05,3657845.92880877,877883.022914104,1.05,0.486451382744054,0.513548617255946),(46,2014,5653234.45448996,1627755.72978598,1.05,2879329.84521278,829055.59484915,1.05,1,0),(57,2014,92929977.5092095,55945391.5143502,1,69929120.2079867,42098493.0067605,1,0.443270438942117,0.556729561057883),(58,2014,18922336.0098107,13167002.5880736,1,8979262.12585667,6248169.76026888,1,0.903764551791137,0.0962354482088626),(59,2014,16777541.9440888,7775605.43501202,1,6851161.02836311,3175192.47490553,1,0.503525969072945,0.496474030927055),(60,2014,9217562.62933049,6304775.78386028,1.05,3444459.30529841,2355996.3180977,1.05,0.391771939484668,0.608228060515332),(66,2014,42614821.0824119,19009791.5097047,1,34592924.5743354,15431351.5149419,1,0.691188205535788,0.308811794464212),(67,2014,74376844.9848298,37720859.0293592,1,56760925.4710326,28786793.3697038,1,0.26191847927993,0.73808152072007),(68,2014,9151520.21478912,5587832.72219383,1,6832630.69242004,4171940.44985785,1,0.46960720578131,0.53039279421869),(69,2014,70067921.282958,48262580.8425939,1.05,51227889.1140947,35285621.3584542,1.05,0.235449903868795,0.764550096131205),(70,2014,9077897.9090019,4783186.70217946,1.15,6344216.18044517,3342797.06317975,1.15,1,0),(79,2014,26569299.1187591,5814963.28804061,1,26569157.0527168,5814932.19543191,1,0.443983157187067,0.556016842812933),(86,2014,26650441.7819166,8584854.36313936,1,23371750.2610995,7528695.91600346,1,0.329412633690553,0.670587366309447),(87,2014,10683163.897325,4465926.98658451,1,8813535.90320502,3684358.69894411,1,0.173320851164963,0.826679148835037),(88,2014,25628880.9593855,9490615.24882378,1.05,19874366.3469405,7359664.4586977,1.05,0.142825081131518,0.857174918868482),(90,2014,126047.371820856,46025.8218210756,1.2,94898.9178925175,34652.0567849807,1.2,1,0),(1,2013,42599876.9827542,20165948.5952418,1,39112708.1367811,18515191.0656064,1,0.00479986797645071,0.995200132023549),(8,2013,28485845.6091163,12033729.1698636,1,26838083.6074936,11337638.8400903,1,0.0518793014925327,0.948120698507467),(16,2013,40317625.3992562,12599993.6129782,1,40317625.3992562,12599993.6129782,1,0.263998407997565,0.736001592002435),(22,2013,56545339.4220704,19013830.150826,1,54932703.5485863,18471568.2260247,1,0.02535486937631,0.97464513062369),(23,2013,5881525.96120204,3476130.49275755,1.15,5332673.09811284,3151744.57896457,1.15,0.0843778391999636,0.915622160800036),(24,2013,4814618.48306993,2683814.83685976,1.15,4371088.553521,2436577.75884402,1.15,0.0630539519144176,0.936946048085582),(25,2013,1639828.2779562,657459.037519697,1.2,1477279.1290664,592287.940999804,1.2,0.0967980990921773,0.903201900907823),(42,2013,218999157.361,50428315.5409047,1,173046382.402641,39846900.2354548,1,0.422553998894917,0.577446001105083),(44,2013,97908453.9006479,39518201.6992867,1.05,46297474.9834057,18686771.9964047,1.05,0.299414890536019,0.700585109463981),(46,2013,25986388.0541869,5452810.28810948,1.05,12291892.7201598,2579248.75689009,1.05,0.270026393041148,0.729973606958852),(57,2013,107644635.443703,64684784.2793132,1,82222537.3116475,49408380.3338557,1,0.746206746972068,0.253793253027932),(58,2013,32624384.9621285,22830344.7395152,1,15231076.7057321,10658614.1730954,1,0.602417413690295,0.397582586309705),(59,2013,30964509.7926613,14457621.4936629,1,12619948.1578702,5892372.75054091,1,0.409260432248801,0.590739567751199),(60,2013,17800223.5188133,12527404.0522026,1.05,6504570.49440568,4577773.00848678,1.05,0.290577193240286,0.709422806759714),(66,2013,49327504.3704599,20361004.4949652,1,40810794.452942,16845546.5141487,1,0.76409992415713,0.23590007584287),(67,2013,118736590.360561,56222166.4165811,1,88110136.7219774,41720439.7964264,1,0.284773898964277,0.715226101035723),(68,2013,15798181.2003201,9593461.85341555,1,11786478.0510965,7157350.97196017,1,0.373759575872627,0.626240424127373),(69,2013,98636669.2764785,66217159.5185325,1.05,71392685.0333809,47927620.1030347,1.05,0.164389148365746,0.835610851634254),(70,2013,62431846.835875,31367334.1942253,1.2,43118942.0322156,21664043.8073464,1.2,0.283059363763663,0.716940636236337),(79,2013,20043437.2849608,4838877.83026626,1,20043404.8747227,4838870.00580081,1,0.654555372834032,0.345444627165968),(86,2013,8798034.68626744,2267851.73462551,1,7778165.22092225,2004962.03044137,1,1,0),(87,2013,9975689.89255499,3218492.86222691,1,8162141.07307407,2633381.05605944,1,0.147804055637123,0.852195944362877),(88,2013,27169751.3484699,10496997.9769558,1.05,20799053.3683629,8035687.12610236,1.05,0.0876932751717898,0.91230672482821),(1,2012,33646938.6249309,16724493.9825105,1,30445867.1668627,15133374.4772613,1,0.0315121934742467,0.968487806525753),(8,2012,25857244.4616535,8068835.33443912,1,24192978.7083055,7549495.91540605,1,0.128161615826578,0.871838384173422),(9,2012,100902.972175631,28716.8485522396,1,79207.1620028455,22542.2505050623,1,1,0),(16,2012,48278441.6323623,14814852.7579853,1,48278441.6323623,14814852.7579853,1,0.281443063646341,0.718556936353659),(22,2012,408499.064828843,104754.340047364,1,396955.85103356,101794.231084429,1,0.619046216283974,0.380953783716026),(23,2012,22104.3389912183,9525.12028150228,1.15,20090.4189875694,8657.28929683901,1.15,1,0),(24,2012,18963.0263793129,9294.81138602706,1.15,17267.6853046986,8463.83244794391,1.15,1,0),(25,2012,8846.56868076829,2883.30430010334,1.2,8007.38692665573,2609.79527671656,1.2,1,0),(42,2012,207667324.406403,69903447.3485123,1,163300013.149215,54968849.3546922,1,0.487681028583369,0.512318971416631),(44,2012,40400186.7291089,14990215.8977723,1.05,19273644.8069219,7151355.48085398,1.05,0.740264018364475,0.259735981635525),(46,2012,10978427.3892791,3137982.13584555,1,5283305.3735075,1510135.95047987,1,0.553274814874218,0.446725185125782),(57,2012,87269210.9772186,53015449.9690262,1,67292544.7890481,40879761.620436,1,0.731713113039475,0.268286886960525),(58,2012,27410136.0089119,19095710.306167,1,12965428.5361798,9032573.46996397,1,0.596846638464472,0.403153361535528),(59,2012,34933818.6983225,16695044.284456,1,15104808.6137047,7218662.54851037,1,0.305223606318609,0.694776393681391),(60,2012,35282889.2002179,22027839.4595351,1.05,13271136.4447702,8285445.71256878,1.05,0.167813648226038,0.832186351773962),(66,2012,79236825.8797328,32898428.1462246,1,70525786.6037254,29281681.8099233,1,0.575030329128735,0.424969670871265),(68,2012,25793642.4053144,14851391.8209806,1,20373089.7792405,11730361.0773939,1,0.277201663229936,0.722798336770064),(69,2012,140247626.918099,90038462.6141143,1.05,108271523.929249,69509921.6557143,1.05,0.171829369640085,0.828170630359915),(79,2012,24325509.0875384,6578961.86057705,1,24325381.9381024,6578927.47234341,1,0.666169140107843,0.333830859892157),(86,2012,19987760.3013783,4797062.47233078,1,17801555.9048161,4272373.41715585,1,0.49870733000778,0.50129266999222),(87,2012,9316826.91315814,3154877.49463359,1,7577025.96609593,2565743.56478921,1,0.173035193324504,0.826964806675496),(88,2012,35090041.4086592,12284367.8046578,1.05,26523106.3448074,9285243.9205519,1.05,0.0711766651472263,0.928823334852774),(1,2011,18209336.8945703,8468484.61963338,1,16311324.8847629,7585789.90065511,1,0.0533323190094194,0.946667680990581),(8,2011,63929126.8713899,20319273.0651447,1,59409209.6154706,18882659.7802543,1,0.132555302841601,0.867444697158399),(16,2011,36342554.1107643,13158390.1133485,1,36342554.1107643,13158390.1133485,1,0.315640372430681,0.684359627569319),(22,2011,18941559.7373032,5786952.67111772,1,18399051.3237435,5621207.58166924,1,0.041131224217449,0.958868775782551),(23,2011,1163163.37042338,535493.773485925,1.2,1059358.77348634,487704.514700406,1.2,0.164407725190765,0.835592274809235),(24,2011,1023664.44041004,566335.79918077,1.15,935362.994277931,517483.589325739,1.15,0.137571060318184,0.862428939681816),(25,2011,630888.60942096,255360.022380764,1.2,573152.353807349,231990.553816091,1.2,0.215601469328985,0.784398530671015),(42,2011,112766235.602744,42569521.9853779,1,88599272.076174,33446435.8092254,1,0.532742226854372,0.467257773145628),(43,2011,7168510.74391983,1720442.57854076,1,3293389.08433893,790413.380241343,1,0.655208622228575,0.344791377771425),(44,2011,72518507.1870268,26771543.2266229,1.05,32652571.1650812,12054298.3345186,1.05,0.217646136743405,0.782353863256595),(45,2011,26973241.4565949,6473577.94958278,1,12682285.1416398,3043748.43399354,1,0.357645312583236,0.642354687416764),(46,2011,1677308.13873453,538338.093822686,1.05,756238.208897112,242717.379384271,1.05,1,0),(57,2011,78456417.4890787,48348546.9720245,1,60290975.4819006,37154144.3436621,1,0.677044951738891,0.322955048261109),(58,2011,25774338.2482869,18208926.9799984,1,12292904.8985255,8684630.63970975,1,0.514767685065624,0.485232314934376),(59,2011,31047735.5012058,14340636.905122,1,14107053.0238546,6515905.97351441,1,0.350056689475342,0.649943310524658),(60,2011,11144061.1851065,7736050.02085356,1.05,4250685.42050101,2950765.83748983,1.05,0.208195997253481,0.791804002746519),(66,2011,76150355.7070958,38878844.0349653,1,68913666.2490345,35184125.6300817,1,0.450708197314889,0.549291802685111),(68,2011,21027206.9618246,12474974.5397486,1.05,16098493.1311108,9550878.16957968,1.05,0.169379691402268,0.830620308597732),(69,2011,70423511.5533824,48692044.1444736,1.05,53515140.9408179,37001301.8040546,1.05,0.219811282668781,0.780188717331219),(79,2011,23226017.2288522,5977393.49158913,1,23225896.6625968,5977362.46293952,1,0.533766874463658,0.466233125536342),(86,2011,16643375.666595,4366358.63280909,1,14949678.9522524,3922020.45177088,1,0.572714670845234,0.427285329154766),(87,2011,9278779.06053964,3875073.58046889,1,7338347.96858917,3064696.13640241,1,0.185954972943086,0.814045027056914),(88,2011,124656184.882986,44754377.8795879,1.2,89003437.231828,31954238.5016396,1.2,0.0192741831992242,0.980725816800776),(1,2010,17147449.7336187,7863109.46312924,1,15213692.8681527,6976368.74398745,1,0.110562119482171,0.889437880517829),(8,2010,63305545.3190721,21924484.8617355,1,57843900.1654404,20032964.0496575,1,0.168495717262935,0.831504282737065),(16,2010,45923179.5729768,14882175.2324187,1,45923179.5729768,14882175.2324187,1,0.254567589922309,0.745432410077691),(22,2010,29999934.0322754,9053887.93114336,1,29202858.5549877,8813333.00071382,1,0.134409104156007,0.865590895843993),(23,2010,18320563.4826879,7706584.19835739,1.2,16724452.9081661,7035176.8727004,1.2,0.0281463923252291,0.971853607674771),(24,2010,5229367.27805803,3127494.84233229,1.2,4779349.9928089,2858355.83110192,1.2,0.0714426853703757,0.928557314629624),(42,2010,138376550.066694,50848928.7769991,1,107888262.180059,39645464.18323,1,0.499702329552529,0.500297670447471),(43,2010,17843232.0881296,4576071.55424298,1,8428525.65887772,2161577.92048539,1,0.339394413967816,0.660605586032184),(44,2010,23461939.8984851,8833102.36864625,1,10920560.8303412,4111443.13534198,1,0.822800390237225,0.177199609762775),(45,2010,45459069.9757558,10910176.7941814,1,21756976.14407,5221674.27457681,1,0.339358473823711,0.660641526176289),(46,2010,6560025.08817375,2099144.38941222,1.05,2997130.93231384,959052.823173256,1.05,0.649306040462038,0.350693959537962),(57,2010,58632157.4501085,36199759.2029451,1,46132913.7273379,28482669.5944272,1,0.812105336501586,0.187894663498414),(58,2010,27896323.1265944,20105145.6782291,1,13550453.8108467,9765941.07534792,1,0.385627282351875,0.614372717648125),(59,2010,26048579.6947208,12318778.4972421,1,12429473.2911809,5878091.24742703,1,0.370741273775702,0.629258726224298),(60,2010,4120405.33867521,2539686.71061869,1.2,1547579.97557145,953879.04211436,1.2,0.00289168684920482,0.997108313150795),(66,2010,63825903.654749,30904044.3434671,1,57911912.032026,28040532.0562905,1,0.516812287467992,0.483187712532008),(68,2010,8042180.49894695,4184822.32921132,1.05,5981198.42101768,3112371.41606008,1.05,0.31113925832727,0.68886074167273),(69,2010,89407069.1919766,60991994.9313587,1.05,65712132.6091671,44827708.7622816,1.05,0.127623165982789,0.872376834017211),(79,2010,42553558.5727274,14711669.5893722,1,42551298.2553567,14710888.1496186,1,0.636230500187593,0.363769499812407),(86,2010,32167122.6810526,9878693.53943023,1,29210776.5401715,8970784.00049456,1,0.292697793446293,0.707302206553707),(87,2010,9358705.89458554,3323714.95597331,1,7300683.89561306,2592814.91757544,1,0.174861245818433,0.825138754181567);
/*!40000 ALTER TABLE `estimated_returns` ENABLE KEYS */;
UNLOCK TABLES;

--
-- Table structure for table `fitting_parameters`
--

DROP TABLE IF EXISTS `fitting_parameters`;
/*!40101 SET @saved_cs_client     = @@character_set_client */;
/*!40101 SET character_set_client = utf8 */;
CREATE TABLE `fitting_parameters` (
  `cat_id` bigint(20) DEFAULT NULL,
  `decay_rate` double DEFAULT NULL,
  `ceiling_L` double DEFAULT NULL,
  `ceiling_C` double DEFAULT NULL,
  `ceiling_S` double DEFAULT NULL,
  `decay_speed` bigint(20) DEFAULT NULL,
  `competitor_hit_L` double DEFAULT NULL,
  `competitor_hit_C` double DEFAULT NULL,
  `competitor_hit_S` double DEFAULT NULL,
  `competitor_hit_O` double DEFAULT NULL,
  `non_tv_effectiveness` double DEFAULT NULL
) ENGINE=InnoDB DEFAULT CHARSET=utf8;
/*!40101 SET character_set_client = @saved_cs_client */;

--
-- Dumping data for table `fitting_parameters`
--

LOCK TABLES `fitting_parameters` WRITE;
/*!40000 ALTER TABLE `fitting_parameters` DISABLE KEYS */;
INSERT INTO `fitting_parameters` VALUES (1,0.14,0.18,0.162,0.108,60,0.6,0.6,0.5,0.3,0.75),(2,0.14,0.18,0.162,0.108,60,0.6,0.6,0.5,0.3,0.75),(3,0.14,0.22,0.198,0.132,60,0.6,0.6,0.5,0.3,0.75),(4,0.14,0.2,0.2,0.12,60,0.6,0.6,0.6,0.3,0.75),(5,0.14,0.32,0.288,0.192,80,0.6,0.6,0.5,0.3,0.75),(6,0.14,0.32,0.288,0.192,80,0.6,0.6,0.5,0.3,0.75),(7,0.14,0.26,0.208,0.156,120,0.6,0.6,0.5,0.3,0.75),(8,0.14,0.26,0.208,0.156,120,0.6,0.6,0.5,0.3,0.75),(9,0.14,0.22,0.198,0.132,60,0.6,0.6,0.5,0.3,0.75),(10,0.14,0.22,0.198,0.132,60,0.6,0.6,0.5,0.3,0.75);
/*!40000 ALTER TABLE `fitting_parameters` ENABLE KEYS */;
UNLOCK TABLES;
/*!40103 SET TIME_ZONE=@OLD_TIME_ZONE */;

/*!40101 SET SQL_MODE=@OLD_SQL_MODE */;
/*!40014 SET FOREIGN_KEY_CHECKS=@OLD_FOREIGN_KEY_CHECKS */;
/*!40014 SET UNIQUE_CHECKS=@OLD_UNIQUE_CHECKS */;
/*!40101 SET CHARACTER_SET_CLIENT=@OLD_CHARACTER_SET_CLIENT */;
/*!40101 SET CHARACTER_SET_RESULTS=@OLD_CHARACTER_SET_RESULTS */;
/*!40101 SET COLLATION_CONNECTION=@OLD_COLLATION_CONNECTION */;
/*!40111 SET SQL_NOTES=@OLD_SQL_NOTES */;

-- Dump completed on 2016-03-19 17:11:23
